{"sections":{"subcollection_banners":{"type":"subcollection-banners","settings":{"overlap":"enable","subcollections_list":["men-bottoms"],"target_blank":false,"gallery_content_on_hover":false,"gallery_heading_style":"secondary-heading","gallery_center_text":false,"gallery_vertical_content_position":"end","desktop_height_type":"pixels","desktop_pixels_height":300,"gallery_focal_point":"center center","gallery_overlay_opacity":50,"mobile_gallery_overlay_opacity":50,"gallery_image_radius":"default","mobile_height_type":"pixels","mobile_pixels_height":120,"desktop_item_width":2,"mobile_item_width":2,"show_arrows":true,"show_scrollbar":false,"full_width":false,"grid_style":"page","disable_max_width":false,"disable_grid_gaps":false,"show_bottom_line":false,"color_scheme":"background-1","gallery_banner_color_scheme":"background-2","overlapped_header_color_scheme":"background-2","logo_style":"overlapped","mobile_color_scheme":"","mobile_gallery_banner_color_scheme":"background-2","mobile_overlapped_header_color_scheme":"background-2","mobile_logo_style":"overlapped","section_framing":"disable","top_spacing":1,"bottom_spacing":1}},"product-grid":{"type":"main-collection-product-grid","settings":{"products_per_page":12,"desktop_columns":"4","mobile_columns":"2","collection_title":"center","heading_style":"section-heading","enable_secondary_grid":false,"secondary_products_per_page":12,"secondary_grid_desktop_columns":"5","enable_preview_grid":false,"preview_products_per_page":12,"preview_grid_desktop_columns":12,"preview_grid_mobile_columns":"4","enable_filtering":true,"filter_type":"horizontal","drawer_position":"right","drawer_button_label":"Filter Products","mobile_drawer_button_label":"Filter","drawer_button_style":"link","filter_label_style":"subheading-font","dropdown_style":"small","dropdown_width":"fixed","filter_and_operator_subtitle":"Match all","open_collapsible_label":"Availability, Brand, Price","hover_behavior":"second_image","show_bullets":true,"autoplay_speed":2,"desktop_options":"enable","mobile_options":"enable","card_content_style":"regular","quick_buy":"enable","price_position":"bottom","options_position":"bottom","show_vendor":"disable","show_title":true,"max_product_name_characters":100,"show_rating":true,"show_short_description":true,"show_pickup_availability":false,"show_product_card_border":false,"pagination":"click","pagination_button_label":"Load more","pagination_button_icon":"glyphs\/interface\/reload","swap_pagination_button_icon":false,"pagination_button_style":"solid","use_main_button_pagination":false,"full_width":true,"grid_style":"secondary","disable_max_width":true,"disable_grid_gaps":false,"show_bottom_line":false,"secondary_full_width":true,"secondary_grid_style":"secondary","secondary_disable_max_width":true,"secondary_disable_grid_gaps":false,"preview_full_width":true,"preview_grid_style":"secondary","preview_disable_max_width":true,"preview_disable_grid_gaps":true,"color_scheme":"background-1","product_card_color_scheme":"background-1","top_spacing":0.5,"bottom_spacing":0.5}}},"order":["subcollection_banners","product-grid"]}