{"sections":{"slideshow_kg8QdU":{"type":"slideshow","blocks":{"loop_video_eERaqY":{"type":"loop_video","settings":{"video_load":"shopify:\/\/files\/videos\/Naya Dour Film.webm","link":"","target_blank":false,"icon":"","color":"#000000","mobile_color":"#000000","context_image_width":120,"context_media_ratio":"auto","context_image_radius":"default","context_image_link":"","context_target_blank":false,"heading":"","heading_style":"section-heading","heading_tag":"h2","text":"","text_style":"body-font","richtext_heading_style":"section-heading","countdown_enable":false,"countdown_end_date":"","countdown_end_time":"","countdown_expiration_action":"hide_timer","countdown_complete_message":"","countdown_enable_animation":true,"countdown_timer_style":"subheading-font","countdown_make_timer_font_bolder":false,"countdown_text_color":"#000000","countdown_show_background":true,"countdown_background_color":"#e8e8e8","countdown_background_gradient":"linear-gradient(180deg, rgba(235, 235, 235, 1), rgba(255, 255, 255, 1) 100%)","countdown_corner_radius":2,"countdown_show_outline":true,"countdown_outline_color":"#dcdcdc","countdown_show_labels":true,"countdown_labels_style":"body-font","countdown_make_labels_font_bolder":false,"countdown_make_labels_uppercase":false,"countdown_labels_color":"#565656","button_label_1":"Shop Men","button_icon_1":"","swap_button_icon_1":false,"button_style_1":"outlined","button_link_1":"","button_target_blank_1":false,"use_main_button":true,"button_label_2":"Shop Women","button_icon_2":"","swap_button_icon_2":false,"button_style_2":"outlined","button_link_2":"","button_target_blank_2":false,"button_label_3":"","button_icon_3":"","swap_button_icon_3":false,"button_style_3":"solid","button_link_3":"","button_target_blank_3":false,"center_text":true,"vertical_content_position":"end","horizontal_content_position":"center","content_width":"regular","fill_content":false,"overlay_opacity":30,"mobile_overlay_opacity":30,"enable_mute":false,"enable_pause":false,"control_horizontal_position":"flex-end","color_scheme":"background-5","banner_color_scheme":"background-2","overlapped_header_color_scheme":"background-2","logo_style":"overlapped","mobile_color_scheme":"background-5","mobile_banner_color_scheme":"background-2","mobile_overlapped_header_color_scheme":"background-2","mobile_logo_style":"overlapped"}}},"block_order":["loop_video_eERaqY"],"settings":{"overlap":"enable","desktop_height_type":"pixels","desktop_pixels_height":720,"mobile_height_type":"pixels","mobile_pixels_height":630,"enable_autoplay":false,"autoplay_speed":5,"effect":"coverflow","transition_duration":1200,"bullets_size":"60px","show_arrows":true,"desktop_content_under_media":false,"mobile_content_under_media":false,"full_width":false,"grid_style":"page","disable_max_width":false,"show_bottom_line":false,"section_framing":"disable","top_spacing":1,"bottom_spacing":1}},"featured_collections_98c86B":{"type":"featured-collections","blocks":{"collection_q6Gikr":{"type":"collection","settings":{"collection":"women-bottoms","custom_collection_image":"shopify:\/\/shop_images\/women_bottom.webp"}},"collection_jL89hR":{"type":"collection","settings":{"collection":"women-shirts","custom_collection_image":"shopify:\/\/shop_images\/women_shirts.webp"}},"collection_rtwVeq":{"type":"collection","settings":{"collection":"women-jackets-coats","custom_collection_image":"shopify:\/\/shop_images\/jackets_coats.webp"}},"collection_kKwMWL":{"type":"collection","settings":{"collection":"accessories","custom_collection_image":"shopify:\/\/shop_images\/accessories.webp"}},"collection_aJP4ge":{"type":"collection","settings":{"collection":"fragrances"}}},"block_order":["collection_q6Gikr","collection_jL89hR","collection_rtwVeq","collection_kKwMWL","collection_aJP4ge"],"name":"t:sections.featured-collections.name","settings":{"heading":"Shop by Category","heading_style":"section-heading","heading_tag":"h2","center_text":true,"grid_type":"slider","desktop_columns":"5","mobile_columns":"2","on_mobile_show":0,"show_more_button_label":"Show more","show_more_button_icon":"","swap_show_more_button_icon":false,"show_more_button_style":"outlined","desktop_item_width":5,"alignment_fewer_items":"left","mobile_item_min_width":250,"show_arrows":true,"show_scrollbar":true,"show_collection_card_border":false,"overlay_opacity":50,"full_width":true,"grid_style":"page","disable_max_width":false,"disable_grid_gaps":true,"show_bottom_line":true,"color_scheme":"","collection_card_color_scheme":"","section_framing":"disable","top_spacing":0.6,"bottom_spacing":0}},"rich_text_fhr6Fg":{"type":"rich-text","blocks":{"heading_RTF3Aw":{"type":"heading","settings":{"heading":"Shop By Collections","heading_style":"section-heading","heading_tag":"h2"}}},"block_order":["heading_RTF3Aw"],"name":"t:sections.rich-text.name","settings":{"center_text":true,"content_width":"wide","grid_style":"page","disable_max_width":false,"show_bottom_line":false,"color_scheme":"","section_framing":"disable","top_spacing":0.6,"bottom_spacing":0.6}},"featured_collections_YNpfNF":{"type":"featured-collections","blocks":{"collection_Gi9FA8":{"type":"collection","settings":{"collection":"men-blazers","custom_collection_image":"shopify:\/\/shop_images\/haze_studio.webp"}},"collection_n3GLqj":{"type":"collection","settings":{"collection":"men-sale","custom_collection_image":"shopify:\/\/shop_images\/joona.webp"}},"collection_eAKwzL":{"type":"collection","settings":{"collection":"men-jackets-coats","custom_collection_image":"shopify:\/\/shop_images\/jackets_coats.webp"}},"collection_a3zrDd":{"type":"collection","disabled":true,"settings":{"collection":""}},"collection_ehqajb":{"type":"collection","disabled":true,"settings":{"collection":""}},"collection_ccAhge":{"type":"collection","disabled":true,"settings":{"collection":""}}},"block_order":["collection_Gi9FA8","collection_n3GLqj","collection_eAKwzL","collection_a3zrDd","collection_ehqajb","collection_ccAhge"],"custom_css":[".card-collection__title {display: none;}"],"settings":{"heading":"","heading_style":"section-heading","heading_tag":"h2","center_text":false,"grid_type":"slider","desktop_columns":"3","mobile_columns":"2","on_mobile_show":2,"show_more_button_label":"","show_more_button_icon":"","swap_show_more_button_icon":false,"show_more_button_style":"outlined","desktop_item_width":3,"alignment_fewer_items":"center","mobile_item_min_width":250,"show_arrows":true,"show_scrollbar":false,"show_collection_card_border":false,"overlay_opacity":0,"full_width":true,"grid_style":"page","disable_max_width":false,"disable_grid_gaps":true,"show_bottom_line":false,"color_scheme":"background-1","collection_card_color_scheme":"background-1","section_framing":"disable","top_spacing":0,"bottom_spacing":0}},"image_banner_TcGXXC":{"type":"image-banner","blocks":{"context_image_W49PAn":{"type":"context_image","settings":{"context_image":"shopify:\/\/shop_images\/OPTION_2_MOBILE_BANNER_8651a605-3653-410f-b1b3-f2c62eef3602.jpg","context_image_width":120,"context_media_ratio":"1\/1","context_image_radius":"3px","context_image_link":"","context_target_blank":false}},"heading_NTcbRL":{"type":"heading","settings":{"heading":"HAZE STUDIO","heading_style":"page-title","heading_tag":"h2"}},"text_jJBJqH":{"type":"text","settings":{"text":"<p><em><strong>Live Now<\/strong><\/em><\/p>","text_style":"subheading-font"}}},"block_order":["context_image_W49PAn","heading_NTcbRL","text_jJBJqH"],"settings":{"link":"","target_blank":false,"overlap":"disable","content_on_hover":false,"first_image":"shopify:\/\/shop_images\/Featured_Collection_5524afa2-5cbe-4f9b-b1ee-9d950d2fcf42.webp","desktop_height_type":"pixels","desktop_pixels_height":720,"center_text":false,"vertical_content_position":"end","horizontal_content_position":"left","content_width":"wide","fill_content":false,"overlay_opacity":70,"mobile_overlay_opacity":50,"mobile_image":"shopify:\/\/shop_images\/OPTION_2_MOBILE_BANNER_8651a605-3653-410f-b1b3-f2c62eef3602.jpg","mobile_height_type":"pixels","mobile_pixels_height":510,"content_under_image":false,"only_first_image":false,"full_width":true,"grid_style":"page","disable_max_width":false,"show_bottom_line":false,"color_scheme":"","banner_color_scheme":"background-2","overlapped_header_color_scheme":"","logo_style":"overlapped","mobile_color_scheme":"","mobile_banner_color_scheme":"background-2","mobile_overlapped_header_color_scheme":"","mobile_logo_style":"overlapped","section_framing":"disable","enable_sticky_content":true,"sticky_offset":24,"top_spacing":0,"bottom_spacing":0}},"collection_tabs_xhQkKk":{"type":"collection-tabs","blocks":{"collection_7Gantk":{"type":"collection","settings":{"collection":"men-shirts","custom_heading":"","info_card_style":"hide","info_card_position":"first","info_card_center_text":true,"info_card_link":"","info_card_target_blank":false,"info_card_subheading":"Fresh Drops","info_card_subheading_style":"subheading-font","info_card_subheading_tag":"h3","info_card_heading":"Feel The New You!","info_card_heading_style":"section-heading","info_card_heading_tag":"h2","info_card_text":"<p><em>With us, your style is your story - e<\/em>xceptional quality and innovative designs<br\/><br\/><\/p>","info_card_text_style":"body-font","info_card_button_style":"link","info_card_button_radius":"default","info_card_color_scheme":"background-2"}},"collection_hVeXix":{"type":"collection","settings":{"collection":"men-bottoms","custom_heading":"","info_card_style":"hide","info_card_position":"first","info_card_center_text":true,"info_card_link":"","info_card_target_blank":false,"info_card_subheading":"Subheading","info_card_subheading_style":"subheading-font","info_card_subheading_tag":"h3","info_card_heading":"Heading","info_card_heading_style":"section-heading","info_card_heading_tag":"h2","info_card_text":"","info_card_text_style":"body-font","info_card_button_style":"link","info_card_button_radius":"default","info_card_color_scheme":""}},"collection_nmqVBW":{"type":"collection","settings":{"collection":"perfect-duos-men","custom_heading":"Third collection","info_card_style":"hide","info_card_position":"first","info_card_center_text":true,"info_card_link":"","info_card_target_blank":false,"info_card_subheading":"Subheading","info_card_subheading_style":"subheading-font","info_card_subheading_tag":"h3","info_card_heading":"Heading","info_card_heading_style":"section-heading","info_card_heading_tag":"h2","info_card_text":"","info_card_text_style":"body-font","info_card_button_style":"link","info_card_button_radius":"default","info_card_color_scheme":""}}},"block_order":["collection_7Gantk","collection_hVeXix","collection_nmqVBW"],"settings":{"subheading":"","subheading_style":"secondary-heading","subheading_tag":"h3","heading":"","heading_style":"page-title","heading_tag":"h2","tabs_style":"secondary-heading","tabs_uppercase":false,"tabs_bolder_font":false,"center_text":true,"grid_type":"slider","products_per_page":6,"desktop_columns":"3","mobile_columns":"1","pagination_button_label":"Load more","pagination_button_icon":"","swap_pagination_button_icon":false,"pagination_button_style":"solid","use_main_button_pagination":false,"products_to_show":12,"desktop_item_width":6.5,"alignment_fewer_items":"center","mobile_item_min_width":170,"show_arrows":true,"show_scrollbar":false,"hover_behavior":"second_image_zoom","show_bullets":true,"autoplay_speed":3,"desktop_options":"enable","mobile_options":"enable","card_content_style":"regular","quick_buy":"enable","price_position":"bottom","options_position":"bottom","show_vendor":"disable","show_title":true,"max_product_name_characters":100,"show_rating":true,"show_short_description":true,"show_pickup_availability":false,"show_product_card_border":false,"full_width":true,"grid_style":"secondary","disable_max_width":false,"disable_grid_gaps":false,"show_bottom_line":false,"color_scheme":"background-1","product_card_color_scheme":"background-1","section_framing":"disable","top_spacing":0.8,"bottom_spacing":0.8}}},"order":["slideshow_kg8QdU","featured_collections_98c86B","rich_text_fhr6Fg","featured_collections_YNpfNF","image_banner_TcGXXC","collection_tabs_xhQkKk"]}