{"sections":{"slideshow_kg8QdU":{"type":"slideshow","blocks":{"image_zmfVYf":{"type":"image","disabled":true,"settings":{"desktop_image":"shopify:\/\/shop_images\/Nayadour_Joona_Website_Banner.jpg","link":"","target_blank":false,"icon":"","color":"#000000","mobile_color":"#000000","context_image_width":120,"context_media_ratio":"auto","context_image_radius":"default","context_image_link":"","context_target_blank":false,"heading":"","heading_style":"page-title","heading_tag":"h1","text":"","text_style":"secondary-heading","richtext_heading_style":"section-heading","countdown_enable":false,"countdown_end_date":"","countdown_end_time":"","countdown_expiration_action":"hide_timer","countdown_complete_message":"","countdown_enable_animation":true,"countdown_timer_style":"subheading-font","countdown_make_timer_font_bolder":false,"countdown_text_color":"#000000","countdown_show_background":true,"countdown_background_color":"#e8e8e8","countdown_background_gradient":"linear-gradient(180deg, rgba(235, 235, 235, 1), rgba(255, 255, 255, 1) 100%)","countdown_corner_radius":2,"countdown_show_outline":true,"countdown_outline_color":"#dcdcdc","countdown_show_labels":true,"countdown_labels_style":"body-font","countdown_make_labels_font_bolder":false,"countdown_make_labels_uppercase":false,"countdown_labels_color":"#565656","button_label_1":"Shop Men","button_icon_1":"","swap_button_icon_1":false,"button_style_1":"outlined","button_link_1":"","button_target_blank_1":false,"use_main_button":true,"button_label_2":"Shop Women","button_icon_2":"","swap_button_icon_2":false,"button_style_2":"outlined","button_link_2":"","button_target_blank_2":false,"button_label_3":"","button_icon_3":"","swap_button_icon_3":false,"button_style_3":"solid","button_link_3":"","button_target_blank_3":false,"center_text":true,"vertical_content_position":"end","horizontal_content_position":"center","content_width":"narrow","fill_content":false,"overlay_opacity":0,"mobile_overlay_opacity":30,"color_scheme":"background-2","banner_color_scheme":"background-2","overlapped_header_color_scheme":"background-2","logo_style":"overlapped","mobile_color_scheme":"background-5","mobile_banner_color_scheme":"background-2","mobile_overlapped_header_color_scheme":"background-2","mobile_logo_style":"overlapped"}},"loop_video_thHiwi":{"type":"loop_video","settings":{"video_load":"shopify:\/\/files\/videos\/WhatsApp Video 2025-10-21 at 2.50.40 PM.mp4","link":"","target_blank":false,"icon":"","color":"#000000","mobile_color":"#000000","context_image_width":80,"context_media_ratio":"auto","context_image_radius":"default","context_image_link":"","context_target_blank":false,"heading":"","heading_style":"page-title","heading_tag":"h2","text":"","text_style":"secondary-heading","richtext_heading_style":"section-heading","countdown_enable":false,"countdown_end_date":"","countdown_end_time":"","countdown_expiration_action":"hide_timer","countdown_complete_message":"","countdown_enable_animation":true,"countdown_timer_style":"subheading-font","countdown_make_timer_font_bolder":false,"countdown_text_color":"#000000","countdown_show_background":true,"countdown_background_color":"#e8e8e8","countdown_background_gradient":"linear-gradient(180deg, rgba(235, 235, 235, 1), rgba(255, 255, 255, 1) 100%)","countdown_corner_radius":2,"countdown_show_outline":true,"countdown_outline_color":"#dcdcdc","countdown_show_labels":true,"countdown_labels_style":"body-font","countdown_make_labels_font_bolder":false,"countdown_make_labels_uppercase":false,"countdown_labels_color":"#565656","button_label_1":"Shop Men","button_icon_1":"","swap_button_icon_1":false,"button_style_1":"outlined","button_link_1":"","button_target_blank_1":false,"use_main_button":true,"button_label_2":"Shop Women","button_icon_2":"","swap_button_icon_2":false,"button_style_2":"outlined","button_link_2":"","button_target_blank_2":false,"button_label_3":"","button_icon_3":"","swap_button_icon_3":false,"button_style_3":"solid","button_link_3":"","button_target_blank_3":false,"center_text":true,"vertical_content_position":"end","horizontal_content_position":"center","content_width":"wide","fill_content":false,"overlay_opacity":50,"mobile_overlay_opacity":30,"enable_mute":false,"enable_pause":false,"control_horizontal_position":"flex-end","color_scheme":"background-5","banner_color_scheme":"background-2","overlapped_header_color_scheme":"background-2","logo_style":"overlapped","mobile_color_scheme":"background-5","mobile_banner_color_scheme":"background-2","mobile_overlapped_header_color_scheme":"background-2","mobile_logo_style":"overlapped"}}},"block_order":["image_zmfVYf","loop_video_thHiwi"],"settings":{"overlap":"enable","desktop_height_type":"pixels","desktop_pixels_height":600,"mobile_height_type":"pixels","mobile_pixels_height":630,"enable_autoplay":false,"autoplay_speed":5,"effect":"coverflow","transition_duration":1200,"bullets_size":"60px","show_arrows":false,"desktop_content_under_media":false,"mobile_content_under_media":false,"full_width":false,"grid_style":"page","disable_max_width":false,"show_bottom_line":false,"section_framing":"disable","top_spacing":0,"bottom_spacing":0}},"anchor_link_qH4TVa":{"type":"anchor-link","disabled":true,"settings":{"anchor_link":"more"}},"scrolling_promotion_DQrjGR":{"type":"scrolling-promotion","blocks":{"icon_8WwX9G":{"type":"icon","settings":{"icon":"handsy\/easy","icon_size":80,"color":"#f0ffd1","mobile_color":"#f0ffd1","mobile_icon_size":60,"link":"","target_blank":false}},"text_wBV67x":{"type":"text","settings":{"desktop_text":"Promotion","mobile_text":"","link":"","target_blank":false}},"icon_cViaRn":{"type":"icon","settings":{"icon":"handsy\/car","icon_size":80,"color":"#fff5cf","mobile_color":"#fff5cf","mobile_icon_size":60,"link":"","target_blank":false}},"text_VHD3D9":{"type":"text","settings":{"desktop_text":"Promotion","mobile_text":"","link":"","target_blank":false}},"icon_mEUtBG":{"type":"icon","settings":{"icon":"handsy\/fingerprint","icon_size":80,"color":"#fde9f1","mobile_color":"#fde9f1","mobile_icon_size":60,"link":"","target_blank":false}},"text_FEBQzz":{"type":"text","settings":{"desktop_text":"Promotion","mobile_text":"","link":"","target_blank":false}},"icon_FTxJAr":{"type":"icon","settings":{"icon":"handsy\/service","icon_size":80,"color":"#e9f6ff","mobile_color":"#e9f6ff","mobile_icon_size":60,"link":"","target_blank":false}},"text_UkNtzp":{"type":"text","settings":{"desktop_text":"Promotion","mobile_text":"","link":"","target_blank":false}}},"block_order":["icon_8WwX9G","text_wBV67x","icon_cViaRn","text_VHD3D9","icon_mEUtBG","text_FEBQzz","icon_FTxJAr","text_UkNtzp"],"disabled":true,"settings":{"font_style":"section-heading","line_show":"disable","line_padding":0,"gap_items":40,"mobile_gap_items":16,"scroll_direction":"left","speed":2,"use_main_button":true,"full_width":true,"grid_style":"page","disable_max_width":false,"color_scheme":"background-1","section_framing":"disable","top_spacing":0.2,"bottom_spacing":0.2}},"featured_collections_kfGHgW":{"type":"featured-collections","blocks":{"collection_EE4q8X":{"type":"collection","settings":{"collection":"men-bottoms"}},"collection_pG3pjV":{"type":"collection","settings":{"collection":"men-shirts"}},"collection_8PmHNf":{"type":"collection","settings":{"collection":"jackets"}},"collection_jwQyi6":{"type":"collection","settings":{"collection":"panama"}},"collection_JyPxTg":{"type":"collection","settings":{"collection":"fragrances"}}},"block_order":["collection_EE4q8X","collection_pG3pjV","collection_8PmHNf","collection_jwQyi6","collection_JyPxTg"],"name":"t:sections.featured-collections.name","settings":{"heading":"Shop by Category","heading_style":"section-heading","heading_tag":"h2","center_text":true,"grid_type":"slider","desktop_columns":"5","mobile_columns":"2","on_mobile_show":0,"show_more_button_label":"Show more","show_more_button_icon":"","swap_show_more_button_icon":false,"show_more_button_style":"outlined","desktop_item_width":5,"alignment_fewer_items":"left","mobile_item_min_width":250,"show_arrows":true,"show_scrollbar":true,"show_collection_card_border":false,"overlay_opacity":50,"full_width":true,"grid_style":"page","disable_max_width":false,"disable_grid_gaps":true,"show_bottom_line":true,"color_scheme":"","collection_card_color_scheme":"","section_framing":"disable","top_spacing":0.6,"bottom_spacing":0}},"rich_text_TNCiBx":{"type":"rich-text","blocks":{"heading_Ugnrhj":{"type":"heading","settings":{"heading":"Shop By Collections","heading_style":"section-heading","heading_tag":"h2"}}},"block_order":["heading_Ugnrhj"],"name":"t:sections.rich-text.name","settings":{"center_text":true,"content_width":"wide","grid_style":"page","disable_max_width":false,"show_bottom_line":false,"color_scheme":"","section_framing":"disable","top_spacing":0.6,"bottom_spacing":0.6}},"featured_collections_bwDizr":{"type":"featured-collections","blocks":{"collection_gXMVp3":{"type":"collection","settings":{"collection":"men-blazers","custom_collection_image":"shopify:\/\/shop_images\/MOB_BANNER_copy.jpg"}},"collection_gqEwfT":{"type":"collection","settings":{"collection":"men-sale","custom_collection_image":"shopify:\/\/shop_images\/t-shirt_polo_banner_mob.png"}},"collection_Xy6tbx":{"type":"collection","settings":{"collection":"men-jackets-coats","custom_collection_image":"shopify:\/\/shop_images\/fold-banner-5_37379623-492f-445d-a6e6-5b596d44abf9.jpg"}},"collection_dtNWzM":{"type":"collection","disabled":true,"settings":{"collection":""}},"collection_LmTbyX":{"type":"collection","disabled":true,"settings":{"collection":""}},"collection_9CdfBn":{"type":"collection","disabled":true,"settings":{"collection":""}}},"block_order":["collection_gXMVp3","collection_gqEwfT","collection_Xy6tbx","collection_dtNWzM","collection_LmTbyX","collection_9CdfBn"],"custom_css":[".card-collection__title {display: none;}"],"settings":{"heading":"","heading_style":"section-heading","heading_tag":"h2","center_text":false,"grid_type":"slider","desktop_columns":"3","mobile_columns":"2","on_mobile_show":2,"show_more_button_label":"Show more","show_more_button_icon":"","swap_show_more_button_icon":false,"show_more_button_style":"outlined","desktop_item_width":3,"alignment_fewer_items":"center","mobile_item_min_width":250,"show_arrows":true,"show_scrollbar":false,"show_collection_card_border":false,"overlay_opacity":0,"full_width":true,"grid_style":"page","disable_max_width":false,"disable_grid_gaps":true,"show_bottom_line":false,"color_scheme":"background-1","collection_card_color_scheme":"background-1","section_framing":"disable","top_spacing":0,"bottom_spacing":0}},"image_banner_KVyngX":{"type":"image-banner","blocks":{"context_image_dPWifK":{"type":"context_image","settings":{"context_image":"shopify:\/\/shop_images\/OPTION_2_MOBILE_BANNER_8651a605-3653-410f-b1b3-f2c62eef3602.jpg","context_image_width":120,"context_media_ratio":"1\/1","context_image_radius":"3px","context_image_link":"","context_target_blank":false}},"heading_j4Deep":{"type":"heading","settings":{"heading":"CANVAS AT STUDIO","heading_style":"page-title","heading_tag":"h2"}},"text_QDdGQt":{"type":"text","settings":{"text":"<p><em><strong>Live Now<\/strong><\/em><\/p>","text_style":"subheading-font"}}},"block_order":["context_image_dPWifK","heading_j4Deep","text_QDdGQt"],"settings":{"link":"","target_blank":false,"overlap":"disable","content_on_hover":false,"first_image":"shopify:\/\/shop_images\/WEB_BANNER_DESKTOP_d71d73cb-ad4c-412e-8520-e13ba36e9570.jpg","desktop_height_type":"pixels","desktop_pixels_height":720,"center_text":false,"vertical_content_position":"end","horizontal_content_position":"left","content_width":"wide","fill_content":false,"overlay_opacity":70,"mobile_overlay_opacity":50,"mobile_image":"shopify:\/\/shop_images\/OPTION_2_MOBILE_BANNER_8651a605-3653-410f-b1b3-f2c62eef3602.jpg","mobile_height_type":"pixels","mobile_pixels_height":510,"content_under_image":false,"only_first_image":false,"full_width":true,"grid_style":"page","disable_max_width":false,"show_bottom_line":false,"color_scheme":"","banner_color_scheme":"background-2","overlapped_header_color_scheme":"","logo_style":"overlapped","mobile_color_scheme":"","mobile_banner_color_scheme":"background-2","mobile_overlapped_header_color_scheme":"","mobile_logo_style":"overlapped","section_framing":"disable","enable_sticky_content":true,"sticky_offset":24,"top_spacing":0,"bottom_spacing":0}},"scrolling_promotion_BYyHKC":{"type":"scrolling-promotion","blocks":{"context_image_ewThgb":{"type":"context_image","settings":{"context_image_width":160,"context_media_ratio":"auto","context_image_radius":"default","context_image_link":"","context_target_blank":false}},"context_image_6eLzRb":{"type":"context_image","settings":{"context_image_width":160,"context_media_ratio":"auto","context_image_radius":"default","context_image_link":"","context_target_blank":false}},"context_image_jmiXTt":{"type":"context_image","settings":{"context_image_width":160,"context_media_ratio":"auto","context_image_radius":"default","context_image_link":"","context_target_blank":false}},"context_image_LGygJT":{"type":"context_image","settings":{"context_image_width":160,"context_media_ratio":"auto","context_image_radius":"default","context_image_link":"","context_target_blank":false}},"context_image_UkUeqk":{"type":"context_image","settings":{"context_image_width":160,"context_media_ratio":"auto","context_image_radius":"default","context_image_link":"","context_target_blank":false}},"context_image_RetJ6T":{"type":"context_image","settings":{"context_image_width":160,"context_media_ratio":"auto","context_image_radius":"default","context_image_link":"","context_target_blank":false}}},"block_order":["context_image_ewThgb","context_image_6eLzRb","context_image_jmiXTt","context_image_LGygJT","context_image_UkUeqk","context_image_RetJ6T"],"disabled":true,"settings":{"font_style":"page-title","line_show":"disable","line_padding":12,"gap_items":40,"mobile_gap_items":0,"scroll_direction":"left","speed":2,"use_main_button":false,"full_width":true,"grid_style":"page","disable_max_width":false,"color_scheme":"background-1","section_framing":"disable","top_spacing":1,"bottom_spacing":1}},"featured_collection_with_media_QNcfj3":{"type":"featured-collection-with-media","blocks":{"icon_id6fbC":{"type":"icon","settings":{"icon":"glyphs\/signs\/full-image","icon_size":36,"color":"#000000","mobile_color":"#000000","mobile_icon_size":36,"link":"","target_blank":false}},"heading_YND8ej":{"type":"heading","settings":{"heading":"Media heading","heading_style":"page-title","heading_tag":"h2"}},"text_bKNkyt":{"type":"text","settings":{"text":"<p>Pair text with image or loop video to focus on your featured product, collection, or promotion. Tell a story, describe your brand or share announcements.<\/p>","text_style":"body-font"}},"button_gGNJVe":{"type":"button","settings":{"button_label":"Discover","button_icon":"glyphs\/signs\/up-right","swap_button_icon":false,"button_link":"","target_blank":false,"button_style":"outlined","use_main_button":true}}},"block_order":["icon_id6fbC","heading_YND8ej","text_bKNkyt","button_gGNJVe"],"disabled":true,"settings":{"collection":"fragrances","media":"show","image":"shopify:\/\/shop_images\/MPEND24001_1.webp","mobile_image":"shopify:\/\/shop_images\/MPEND24002.webp","focal_point":"center center","enable_mute":false,"enable_pause":false,"control_horizontal_position":"flex-end","swap_media_position":true,"media_size":"small","media_ratio":"4\/5","mobile_media_ratio":"1\/1","content_width":"regular","vertical_text_alignment":"center","horizontal_text_alignment":"center","grid_type":"grid","products_per_page":4,"desktop_columns":"4","mobile_columns":"2","pagination_button_label":"Load more","pagination_button_icon":"","swap_pagination_button_icon":false,"pagination_button_style":"link","use_main_button_pagination":false,"products_to_show":4,"desktop_item_width":4,"alignment_fewer_items":"left","mobile_item_min_width":150,"show_arrows":true,"show_scrollbar":true,"hover_behavior":"slider","show_bullets":true,"autoplay_speed":3,"desktop_options":"enable","mobile_options":"disable","card_content_style":"regular","quick_buy":"enable","price_position":"bottom","options_position":"bottom","show_vendor":"disable","show_title":true,"max_product_name_characters":100,"show_rating":true,"show_short_description":true,"show_pickup_availability":false,"show_product_card_border":false,"info_card_style":"hide","info_card_position":"first","info_card_center_text":false,"info_card_link":"","info_card_target_blank":false,"info_card_subheading":"Subheading","info_card_subheading_style":"subheading-font","info_card_subheading_tag":"h3","info_card_heading":"Heading","info_card_heading_style":"secondary-heading","info_card_heading_tag":"h2","info_card_text":"","info_card_text_style":"body-font","info_card_button_style":"solid","info_card_button_radius":"default","full_width":true,"grid_style":"secondary","disable_max_width":false,"disable_grid_gaps":false,"show_bottom_line":false,"color_scheme":"background-1","product_grid_color_scheme":"background-1","product_card_color_scheme":"background-1","info_card_color_scheme":"","section_framing":"disable","enable_sticky_content":false,"sticky_offset":120,"top_spacing":0.1,"bottom_spacing":1}},"featured_product_EXPbJ4":{"type":"featured-product","blocks":{"vendor_nLDDaf":{"type":"vendor","settings":{"show_vendor":"image","vendor_image_height":28,"text_style":"body-font","uppercase":false,"bolder_font":false,"top_spacing":1,"mobile_top_spacing":1}},"title_with_price":{"type":"title_with_price","disabled":true,"settings":{"heading_style":"section-heading","heading_tag":"h1","uppercase":false,"bolder_font":false,"price_style":"section-heading","price_bolder_font":false,"text_style":"body-font","show_price":true,"compare_at_price_color":"sale","show_badges":true,"hide_shipping_note":false,"top_spacing":1,"mobile_top_spacing":1}},"title_with_vendor":{"type":"title_with_vendor","disabled":true,"settings":{"heading_style":"section-heading","heading_tag":"h1","uppercase":false,"bolder_font":false,"show_vendor":"image","vendor_image_height":40,"text_style":"body-font","vendor_uppercase":false,"vendor_bolder_font":false,"top_spacing":1,"mobile_top_spacing":1}},"title_dCBy3P":{"type":"title","settings":{"heading_style":"section-heading","heading_tag":"h2","uppercase":false,"bolder_font":false,"top_spacing":1,"mobile_top_spacing":1}},"price":{"type":"price","settings":{"price_style":"subheading-font","price_bolder_font":false,"text_style":"caption-font","show_price":true,"compare_at_price_color":"sale","show_badges":true,"hide_shipping_note":false,"top_spacing":1,"mobile_top_spacing":1}},"variant_picker_3F6fkB":{"type":"variant_picker","settings":{"label_style":"caption-font","label_uppercase":true,"label_bolder_font":false,"text_style":"subheading-font","text_uppercase":false,"text_bolder_font":true,"variant_size_label":"Size","show_ruler":true,"variant_size_text":"","variant_size_text_style":"caption-font","variant_size_page":"","rte_heading_style":"section-heading","popup_style":"popover","popup_width":"regular","top_spacing":1,"mobile_top_spacing":1}},"buy_buttons_j6ECQB":{"type":"buy_buttons","settings":{"show_dynamic_checkout":true,"show_gift_card_recipient":false,"style":"show_quantity","hide_pickup_availability":false,"button_radius":"3px","use_main_button":true,"top_spacing":1,"mobile_top_spacing":1}},"icons_with_text_3pGemB":{"type":"icons_with_text","settings":{"style":"vertical","show_horizontal_lines":false,"heading":"","heading_style":"subheading-font","heading_uppercase":false,"heading_bolder_font":false,"title_style":"caption-font","title_uppercase":false,"title_bolder_font":false,"text_style":"caption-font","text_uppercase":false,"text_bolder_font":false,"rte_heading_style":"page-title","icon_or_image_size":24,"fill_container":false,"image_radius":"default","icon_1":"glyphs\/signs\/transit","color_1":"#50a16f","mobile_color_1":"#50a16f","title_1":"Free shipping over $50","text_1":"","page_1":"","page_content_in_popup_1":true,"popup_style_1":"popover","popup_width_1":"regular","icon_2":"glyphs\/signs\/protect","color_2":"#8350a1","mobile_color_2":"#8350a1","title_2":"Secure Checkout","text_2":"","page_2":"","page_content_in_popup_2":true,"popup_style_2":"popover","popup_width_2":"wide","icon_3":"glyphs\/interface\/restart","color_3":"#5067a1","mobile_color_3":"#5067a1","title_3":"Hassle-Free Returns","text_3":"","page_3":"","page_content_in_popup_3":true,"popup_style_3":"popover","popup_width_3":"wide","icon_4":"","color_4":"#000000","mobile_color_4":"#000000","title_4":"","text_4":"","page_4":"","page_content_in_popup_4":true,"popup_style_4":"popover","popup_width_4":"wide","title_5":"","icon_5":"","color_5":"#000000","mobile_color_5":"#000000","text_5":"","page_5":"","page_content_in_popup_5":true,"popup_style_5":"popover","popup_width_5":"wide","icon_6":"","color_6":"#000000","mobile_color_6":"#000000","title_6":"","text_6":"","page_6":"","page_content_in_popup_6":true,"popup_style_6":"popover","popup_width_6":"wide","top_spacing":1,"mobile_top_spacing":1}},"second_container_tMqNEW":{"type":"second_container","settings":{"heading":"","heading_style":"subheading-font","uppercase":false,"bolder_font":false,"top_spacing":1,"mobile_top_spacing":1}},"collapsible_tab_B8PLmc":{"type":"collapsible_tab","settings":{"heading":"Description","heading_style":"caption-font","uppercase":true,"bolder_font":false,"text":"{{ section.settings.product.description }}","text_style":"body-font","icon":"","color":"#000000","mobile_color":"#000000","page":"","rte_heading_style":"section-heading","page_style":"body-font","top_spacing":1,"mobile_top_spacing":1}},"ask_question_YwKCR4":{"type":"ask_question","settings":{"popup_style":"popover","popup_width":"regular","icon":"","color":"#000000","mobile_color":"#000000","link_text":"Ask a question","link_text_style":"caption-font","uppercase":true,"bolder_font":false,"heading":"Ask a question","heading_style":"section-heading","show_name":true,"make_name_required":true,"name_placeholder":"","email_placeholder":"","show_phone":true,"phone_placeholder":"","show_message":true,"message_placeholder":"","enable_checkbox":false,"make_required":true,"checkbox_label":"<p>I have read and agreed to the <a href=\"\/policies\/privacy-policy\">Terms and Conditions<\/a>.<\/p>","top_spacing":1,"mobile_top_spacing":1}},"more_details_XypDLm":{"type":"more_details","settings":{"button_label":"Product details","button_icon":"","swap_button_icon":false,"text_style":"caption-font","uppercase":true,"bolder_font":false,"top_spacing":1,"mobile_top_spacing":1}}},"block_order":["vendor_nLDDaf","title_with_price","title_with_vendor","title_dCBy3P","price","variant_picker_3F6fkB","buy_buttons_j6ECQB","icons_with_text_3pGemB","second_container_tMqNEW","collapsible_tab_B8PLmc","ask_question_YwKCR4","more_details_XypDLm"],"disabled":true,"settings":{"product":"basic-fleece-sweat-shirt-1","enable_sticky_content":true,"sticky_offset":110,"media_position":"left","gallery_style":"alternative_2","gallery_size":6,"grid_gap":2,"organize_images":true,"show_media_attached_to_variant":true,"desktop_media_ratio":"4\/5","mobile_media_ratio":"4\/5","focal_point":"center center","fit_media_inside_container":false,"container_inner_spacing":10,"media_radius":"0px","enable_video_autoplay":true,"image_zoom":"hover","desktop_width":100,"mobile_width":100,"zoom_media_ratio":"auto","zoom_focal_point":"center center","show_arrow_in_mobile":false,"enable_slideshow_zoom_in":true,"show_thumbnails":"on_top","sticky_thumbnails":true,"thumbnails_width":40,"thumbnails_gap":0,"thumbnails_media_ratio":"auto","thumbnails_focal_point":"center center","thumbnails_radius":"0px","show_thumbnails_on_mobile":false,"mobile_thumbnails_width":80,"mobile_thumbnails_gap":10,"mobile_thumbnails_media_ratio":"1\/1","mobile_thumbnails_focal_point":"center center","mobile_thumbnails_radius":"0px","container_paddings":36,"content_layout":"first_and_second_stretched","first_container_alignment":"flex-start","first_container_padding":0,"second_container_alignment":"flex-start","second_container_padding":24,"top_container_on_mobile":"first","full_width":true,"grid_style":"page","disable_max_width":false,"show_bottom_line":false,"color_scheme":"","gallery_color_scheme":"","top_spacing":1,"bottom_spacing":1}},"slideshow_PPyqij":{"type":"slideshow","blocks":{"image_g8PygL":{"type":"image","settings":{"desktop_image":"shopify:\/\/shop_images\/shoes-banner-desktop.webp","link":"","target_blank":false,"icon":"","color":"#000000","mobile_color":"#000000","context_image_width":120,"context_media_ratio":"auto","context_image_radius":"default","context_image_link":"","context_target_blank":false,"heading":"","heading_style":"section-heading","heading_tag":"h2","text":"","text_style":"secondary-heading","richtext_heading_style":"section-heading","countdown_enable":false,"countdown_end_date":"","countdown_end_time":"","countdown_expiration_action":"hide_timer","countdown_complete_message":"","countdown_enable_animation":true,"countdown_timer_style":"subheading-font","countdown_make_timer_font_bolder":false,"countdown_text_color":"#000000","countdown_show_background":true,"countdown_background_color":"#e8e8e8","countdown_background_gradient":"linear-gradient(180deg, rgba(235, 235, 235, 1), rgba(255, 255, 255, 1) 100%)","countdown_corner_radius":2,"countdown_show_outline":true,"countdown_outline_color":"#dcdcdc","countdown_show_labels":true,"countdown_labels_style":"body-font","countdown_make_labels_font_bolder":false,"countdown_make_labels_uppercase":false,"countdown_labels_color":"#565656","button_label_1":"","button_icon_1":"","swap_button_icon_1":false,"button_style_1":"solid","button_link_1":"","button_target_blank_1":false,"use_main_button":true,"button_label_2":"","button_icon_2":"","swap_button_icon_2":false,"button_style_2":"solid","button_link_2":"","button_target_blank_2":false,"button_label_3":"","button_icon_3":"","swap_button_icon_3":false,"button_style_3":"solid","button_link_3":"","button_target_blank_3":false,"center_text":true,"vertical_content_position":"center","horizontal_content_position":"left_center","content_width":"narrow","fill_content":false,"overlay_opacity":0,"mobile_overlay_opacity":0,"color_scheme":"background-1","banner_color_scheme":"background-1","overlapped_header_color_scheme":"","logo_style":"regular","mobile_color_scheme":"","mobile_banner_color_scheme":"","mobile_overlapped_header_color_scheme":"","mobile_logo_style":"overlapped"}},"image_VcKx4P":{"type":"image","settings":{"desktop_image":"shopify:\/\/shop_images\/web-banner-4.jpg","link":"","target_blank":true,"icon":"","color":"#ffe33d","mobile_color":"#000000","context_image_width":40,"context_media_ratio":"auto","context_image_radius":"default","context_image_link":"","context_target_blank":false,"heading":"","heading_style":"page-title","heading_tag":"h2","text":"","text_style":"body-font","richtext_heading_style":"section-heading","countdown_enable":false,"countdown_end_date":"","countdown_end_time":"","countdown_expiration_action":"hide_timer","countdown_complete_message":"","countdown_enable_animation":true,"countdown_timer_style":"subheading-font","countdown_make_timer_font_bolder":false,"countdown_text_color":"#000000","countdown_show_background":true,"countdown_background_color":"#e8e8e8","countdown_background_gradient":"linear-gradient(180deg, rgba(235, 235, 235, 1), rgba(255, 255, 255, 1) 100%)","countdown_corner_radius":2,"countdown_show_outline":true,"countdown_outline_color":"#dcdcdc","countdown_show_labels":true,"countdown_labels_style":"body-font","countdown_make_labels_font_bolder":false,"countdown_make_labels_uppercase":false,"countdown_labels_color":"#565656","button_label_1":"","button_icon_1":"","swap_button_icon_1":false,"button_style_1":"solid","button_link_1":"","button_target_blank_1":false,"use_main_button":false,"button_label_2":"","button_icon_2":"","swap_button_icon_2":false,"button_style_2":"solid","button_link_2":"","button_target_blank_2":false,"button_label_3":"","button_icon_3":"","swap_button_icon_3":false,"button_style_3":"solid","button_link_3":"","button_target_blank_3":false,"center_text":true,"vertical_content_position":"center","horizontal_content_position":"center","content_width":"regular","fill_content":false,"overlay_opacity":40,"mobile_overlay_opacity":30,"color_scheme":"background-1","banner_color_scheme":"background-2","overlapped_header_color_scheme":"background-1","logo_style":"overlapped","mobile_color_scheme":"","mobile_banner_color_scheme":"","mobile_overlapped_header_color_scheme":"","mobile_logo_style":"overlapped"}}},"block_order":["image_g8PygL","image_VcKx4P"],"disabled":true,"settings":{"overlap":"disable","desktop_height_type":"pixels","desktop_pixels_height":320,"mobile_height_type":"pixels","mobile_pixels_height":350,"enable_autoplay":false,"autoplay_speed":3,"effect":"cards","transition_duration":1000,"bullets_size":"30px","show_arrows":false,"desktop_content_under_media":false,"mobile_content_under_media":true,"full_width":false,"grid_style":"secondary","disable_max_width":false,"show_bottom_line":false,"section_framing":"disable","top_spacing":0.1,"bottom_spacing":0.1}},"scrolling_promotion_gkycCX":{"type":"scrolling-promotion","blocks":{"text_79RB6L":{"type":"text","settings":{"desktop_text":"First promotion","mobile_text":"","link":"","target_blank":false}},"text_VRahpe":{"type":"text","settings":{"desktop_text":"Second promotion","mobile_text":"","link":"","target_blank":false}}},"block_order":["text_79RB6L","text_VRahpe"],"disabled":true,"settings":{"font_style":"subheading-font","line_show":"disable","line_padding":42,"gap_items":100,"mobile_gap_items":48,"scroll_direction":"left","speed":2,"use_main_button":false,"full_width":true,"grid_style":"page","disable_max_width":false,"color_scheme":"background-2","section_framing":"disable","top_spacing":0.1,"bottom_spacing":0.1}},"featured_collection_with_media_WRhyWg":{"type":"featured-collection-with-media","blocks":{"icon_anqPmk":{"type":"icon","settings":{"icon":"glyphs\/signs\/full-image","icon_size":36,"color":"#000000","mobile_color":"#000000","mobile_icon_size":36,"link":"","target_blank":false}},"heading_PDYnnH":{"type":"heading","settings":{"heading":"Media heading","heading_style":"page-title","heading_tag":"h2"}},"text_Q9kDhx":{"type":"text","settings":{"text":"<p>Pair text with image or loop video to focus on your featured product, collection, or promotion. Tell a story, describe your brand or share announcements.<\/p>","text_style":"body-font"}},"button_xQBBxa":{"type":"button","settings":{"button_label":"Discover","button_icon":"glyphs\/signs\/up-right","swap_button_icon":false,"button_link":"","target_blank":false,"button_style":"outlined","use_main_button":true}}},"block_order":["icon_anqPmk","heading_PDYnnH","text_Q9kDhx","button_xQBBxa"],"disabled":true,"settings":{"collection":"","media":"show","focal_point":"center center","enable_mute":false,"enable_pause":false,"control_horizontal_position":"flex-end","swap_media_position":false,"media_size":"small","media_ratio":"3\/2","mobile_media_ratio":"1\/1","content_width":"regular","vertical_text_alignment":"center","horizontal_text_alignment":"center","grid_type":"grid","products_per_page":4,"desktop_columns":"4","mobile_columns":"2","pagination_button_label":"Load more","pagination_button_icon":"","swap_pagination_button_icon":false,"pagination_button_style":"link","use_main_button_pagination":false,"products_to_show":10,"desktop_item_width":3.5,"alignment_fewer_items":"left","mobile_item_min_width":150,"show_arrows":true,"show_scrollbar":true,"hover_behavior":"slider","show_bullets":true,"autoplay_speed":2,"desktop_options":"enable","mobile_options":"disable","card_content_style":"regular","quick_buy":"enable","price_position":"bottom","options_position":"bottom","show_vendor":"image","show_title":true,"max_product_name_characters":100,"show_rating":true,"show_short_description":true,"show_pickup_availability":false,"show_product_card_border":false,"info_card_style":"hide","info_card_position":"first","info_card_center_text":false,"info_card_link":"","info_card_target_blank":false,"info_card_subheading":"Subheading","info_card_subheading_style":"subheading-font","info_card_subheading_tag":"h3","info_card_heading":"Heading","info_card_heading_style":"secondary-heading","info_card_heading_tag":"h2","info_card_text":"","info_card_text_style":"body-font","info_card_button_style":"solid","info_card_button_radius":"default","full_width":true,"grid_style":"secondary","disable_max_width":false,"disable_grid_gaps":false,"show_bottom_line":false,"color_scheme":"background-4","product_grid_color_scheme":"background-1","product_card_color_scheme":"background-3","info_card_color_scheme":"","section_framing":"disable","enable_sticky_content":false,"sticky_offset":120,"top_spacing":1,"bottom_spacing":1.5}},"split_banner_W4NJGf":{"type":"split-banner","blocks":{"banner_yerDTw":{"type":"banner","settings":{"link":"","target_blank":false,"center_text":false,"vertical_content_position":"end","horizontal_content_position":"left","overlay_opacity":50,"mobile_overlay_opacity":50,"icon":"","color":"#000000","mobile_color":"#000000","context_image_width":160,"context_media_ratio":"2\/3","context_image_radius":"default","context_image_link":"","context_target_blank":false,"subheading":"Offer subheading","subheading_style":"subheading-font","subheading_tag":"h3","heading":"Banner heading","heading_style":"section-heading","heading_tag":"h2","text":"<p>Add an optional description to a promotion, product, or collection.<\/p>","text_style":"body-font","button_label":"Discover","button_icon":"","swap_button_icon":false,"button_style":"outlined","use_main_button":false,"banner_color_scheme":"background-2","mobile_banner_color_scheme":"background-2"}},"banner_CmQbxE":{"type":"banner","settings":{"link":"","target_blank":false,"center_text":false,"vertical_content_position":"start","horizontal_content_position":"left","overlay_opacity":30,"mobile_overlay_opacity":50,"icon":"","color":"#000000","mobile_color":"#000000","context_image_width":160,"context_media_ratio":"2\/3","context_image_radius":"default","context_image_link":"","context_target_blank":false,"subheading":"Offer subheading","subheading_style":"subheading-font","subheading_tag":"h3","heading":"Banner heading","heading_style":"section-heading","heading_tag":"h2","text":"<p>Add an optional description to a promotion, product, or collection.<\/p>","text_style":"body-font","button_label":"Discover","button_icon":"","swap_button_icon":false,"button_style":"outlined","use_main_button":false,"banner_color_scheme":"background-2","mobile_banner_color_scheme":"background-2"}}},"block_order":["banner_yerDTw","banner_CmQbxE"],"disabled":true,"settings":{"overlap":"disable","content_on_hover":false,"desktop_height_type":"pixels","desktop_pixels_height":1000,"mobile_height_type":"pixels","mobile_pixels_height":450,"content_width":"narrow","full_width":true,"grid_style":"page","disable_max_width":false,"show_bottom_line":false,"color_scheme":"","overlapped_header_color_scheme":"","logo_style":"overlapped","mobile_color_scheme":"","mobile_overlapped_header_color_scheme":"","mobile_logo_style":"overlapped","section_framing":"disable","enable_sticky_content":true,"sticky_offset":88,"top_spacing":0,"bottom_spacing":1}},"multicolumn_PfBc9M":{"type":"multicolumn","blocks":{"loop_video_KpTtpq":{"type":"loop_video","settings":{"link":"","block_target_blank":false,"media_ratio":"4\/5","heading":"Loop video heading","heading_style":"section-heading","text":"","text_style":"body-font","text_alignment":"left","button_label":"Discover","button_icon":"","swap_button_icon":false,"button_link":"","target_blank":false,"button_style":"outlined","enable_mute":true,"enable_pause":true,"control_horizontal_position":"flex-end","color_scheme":"background-3"}},"image_Q3xtUz":{"type":"image","settings":{"link":"","block_target_blank":false,"media_ratio":"1\/1","heading":"Image heading","heading_style":"secondary-heading","text":"<p>Pair text with image or loop video to focus on your featured product, collection, or promotion. Tell a story, describe your brand or share announcements.<\/p>","text_style":"body-font","text_alignment":"left","button_label":"Discover","button_icon":"","swap_button_icon":false,"button_link":"","target_blank":false,"button_style":"outlined","color_scheme":"background-2"}},"text_FzHCWF":{"type":"text","settings":{"link":"","block_target_blank":false,"heading":"Text heading","heading_style":"section-heading","text":"<p>Pair text with image or loop video to focus on your featured product, collection, or promotion. Tell a story, describe your brand or share announcements.<\/p>","text_style":"subheading-font","text_alignment":"center","button_label":"Discover","button_icon":"","swap_button_icon":false,"button_link":"","target_blank":false,"button_style":"outlined","color_scheme":"background-5"}},"image_XmmpwQ":{"type":"image","settings":{"link":"","block_target_blank":false,"media_ratio":"1\/1","heading":"Image heading","heading_style":"secondary-heading","text":"<p>Pair text with image or loop video to focus on your featured product, collection, or promotion. Tell a story, describe your brand or share announcements.<\/p>","text_style":"body-font","text_alignment":"left","button_label":"Shop Now","button_icon":"","swap_button_icon":false,"button_link":"","target_blank":false,"button_style":"outlined","color_scheme":"background-1"}},"image_iNbgAX":{"type":"image","settings":{"link":"","block_target_blank":false,"media_ratio":"auto","heading":"Image heading","heading_style":"secondary-heading","text":"<p>Pair text with image or loop video to focus on your featured product, collection, or promotion. Tell a story, describe your brand or share announcements.<\/p>","text_style":"body-font","text_alignment":"left","button_label":"","button_icon":"","swap_button_icon":false,"button_link":"","target_blank":false,"button_style":"outlined","color_scheme":""}},"image_96yafe":{"type":"image","settings":{"link":"","block_target_blank":false,"media_ratio":"3\/2","heading":"Image heading","heading_style":"secondary-heading","text":"","text_style":"body-font","text_alignment":"left","button_label":"","button_icon":"","swap_button_icon":false,"button_link":"","target_blank":false,"button_style":"outlined","color_scheme":""}}},"block_order":["loop_video_KpTtpq","image_Q3xtUz","text_FzHCWF","image_XmmpwQ","image_iNbgAX","image_96yafe"],"disabled":true,"settings":{"subheading":"","subheading_style":"secondary-heading","subheading_tag":"h3","heading":"Heading","heading_style":"section-heading","heading_tag":"h2","center_text":true,"desktop_columns":"4","mobile_columns":"2","enable_masonry":true,"media_radius":"default","full_width":true,"grid_style":"alternative","disable_max_width":true,"disable_grid_gaps":false,"show_bottom_line":false,"color_scheme":"background-1","section_framing":"disable","top_spacing":1,"bottom_spacing":1}},"testimonials_HqWemn":{"type":"testimonials","blocks":{"testimonial_NLTdcJ":{"type":"testimonial","settings":{"stars":5,"heading":"Highlight the most valuable part and put it in the review heading.","heading_style":"section-heading","heading_tag":"h2","text":"<p>Add customer reviews and testimonials to showcase your store's happy customers.<\/p>","text_style":"body-font","author_name":"Author’s name","author_position":"<p>Optional company’s name<\/p>","page":"","rte_heading_style":"section-heading","popup_style":"popover","popup_width":"wide"}},"testimonial_b84z8r":{"type":"testimonial","settings":{"stars":5,"heading":"Highlight the most valuable part and put it in the review heading.","heading_style":"section-heading","heading_tag":"h2","text":"<p>Add customer reviews and testimonials to showcase your store's happy customers.<\/p>","text_style":"body-font","author_name":"Author’s name","author_position":"<p>Optional company’s name<\/p>","page":"","rte_heading_style":"section-heading","popup_style":"popover","popup_width":"wide"}},"testimonial_h3pGKe":{"type":"testimonial","settings":{"stars":5,"heading":"Highlight the most valuable part and put it in the review heading.","heading_style":"section-heading","heading_tag":"h2","text":"<p>Add customer reviews and testimonials to showcase your store's happy customers.<\/p>","text_style":"body-font","author_name":"Author’s name","author_position":"<p>Optional company’s name<\/p>","page":"","rte_heading_style":"section-heading","popup_style":"popover","popup_width":"wide"}},"testimonial_WTee4Q":{"type":"testimonial","settings":{"stars":5,"heading":"Highlight the most valuable part and put it in the review heading.","heading_style":"section-heading","heading_tag":"h2","text":"<p>Add customer reviews and testimonials to showcase your store's happy customers.<\/p>","text_style":"body-font","author_name":"Author’s name","author_position":"<p>Optional company’s name<\/p>","page":"","rte_heading_style":"section-heading","popup_style":"popover","popup_width":"wide"}}},"block_order":["testimonial_NLTdcJ","testimonial_b84z8r","testimonial_h3pGKe","testimonial_WTee4Q"],"disabled":true,"settings":{"show_rating":true,"heading":"What our clients say","heading_style":"page-title","heading_tag":"h2","button_label":"","button_icon":"","swap_button_icon":false,"button_link":"","target_blank":false,"button_style":"solid","testimonial_label":"Show full review","center_text":true,"media_ratio":"1\/1","image_radius":"default","desktop_item_width":3,"alignment_fewer_items":"center","mobile_item_min_width":210,"show_arrows":true,"show_scrollbar":true,"full_width":true,"grid_style":"page","disable_max_width":false,"show_bottom_line":false,"color_scheme":"background-4","info_card_color_scheme":"","section_framing":"disable","top_spacing":2,"bottom_spacing":2}},"image_with_hotspots_brjmRJ":{"type":"image-with-hotspots","blocks":{"product_hotspot_WcHbeX":{"type":"product_hotspot","settings":{"product":"","position":"bottom_center","hotspot_color":"#ffffff","popover_color_scheme":"","desktop_vertical_position":64,"desktop_horizontal_position":50,"mobile_vertical_position":30,"mobile_horizontal_position":30}},"product_hotspot_V9UmFq":{"type":"product_hotspot","settings":{"product":"","position":"bottom_center","hotspot_color":"#ffffff","popover_color_scheme":"","desktop_vertical_position":39,"desktop_horizontal_position":66,"mobile_vertical_position":30,"mobile_horizontal_position":30}},"context_image_YiMHfC":{"type":"context_image","settings":{"context_image_width":136,"context_media_ratio":"auto","context_image_radius":"default","context_image_link":"","context_target_blank":false}},"heading_gceBJ3":{"type":"heading","settings":{"heading":"Heading","heading_style":"page-title","heading_tag":"h2"}},"text_Exmkpk":{"type":"text","settings":{"text":"<p>Pair text with image or loop video to focus on your featured product, collection, or promotion. Tell a story, describe your brand or share announcements.<\/p>","text_style":"secondary-heading"}},"button_JahmTN":{"type":"button","settings":{"button_label":"Discover","button_icon":"","swap_button_icon":false,"button_link":"","target_blank":false,"button_style":"outlined","use_main_button":true}},"button_AwCMPn":{"type":"button","settings":{"button_label":"Discover","button_icon":"","swap_button_icon":false,"button_link":"","target_blank":false,"button_style":"solid","use_main_button":true}}},"block_order":["product_hotspot_WcHbeX","product_hotspot_V9UmFq","context_image_YiMHfC","heading_gceBJ3","text_Exmkpk","button_JahmTN","button_AwCMPn"],"disabled":true,"settings":{"media_ratio":"4\/5","swap_media_position":false,"content_width":"narrow","vertical_text_alignment":"center","horizontal_text_alignment":"center","top_on_mobile":"hotspots","mobile_media_ratio":"auto","target_blank":false,"open_in_quick_view":true,"center_text":true,"show_vendor":true,"max_product_name_characters":100,"show_price":false,"full_width":true,"grid_style":"secondary","disable_max_width":false,"show_bottom_line":false,"color_scheme":"","section_framing":"grid","enable_sticky_content":true,"sticky_offset":120,"top_spacing":1,"bottom_spacing":1}},"multicolumn_abaaVd":{"type":"multicolumn","blocks":{"image_TW9prd":{"type":"image","settings":{"link":"","block_target_blank":false,"media_ratio":"2\/3","heading":"Image heading","heading_style":"secondary-heading","text":"","text_style":"body-font","text_alignment":"left","button_label":"","button_icon":"","swap_button_icon":false,"button_link":"","target_blank":false,"button_style":"outlined","color_scheme":""}},"image_W9YkeL":{"type":"image","settings":{"link":"","block_target_blank":false,"media_ratio":"2\/3","heading":"Image heading","heading_style":"secondary-heading","text":"","text_style":"body-font","text_alignment":"left","button_label":"","button_icon":"","swap_button_icon":false,"button_link":"","target_blank":false,"button_style":"outlined","color_scheme":""}},"image_6zDRKg":{"type":"image","settings":{"link":"","block_target_blank":false,"media_ratio":"2\/3","heading":"Image heading","heading_style":"secondary-heading","text":"","text_style":"body-font","text_alignment":"left","button_label":"","button_icon":"","swap_button_icon":false,"button_link":"","target_blank":false,"button_style":"outlined","color_scheme":""}}},"block_order":["image_TW9prd","image_W9YkeL","image_6zDRKg"],"disabled":true,"settings":{"subheading":"Subheading","subheading_style":"subheading-font","subheading_tag":"h3","heading":"Heading","heading_style":"section-heading","heading_tag":"h2","center_text":true,"desktop_columns":"3","mobile_columns":"2","enable_masonry":true,"media_radius":"default","full_width":true,"grid_style":"secondary","disable_max_width":false,"disable_grid_gaps":false,"show_bottom_line":false,"color_scheme":"","section_framing":"disable","top_spacing":1,"bottom_spacing":1}},"scrolling_promotion_banner_yMW3VY":{"type":"scrolling-promotion-banner","blocks":{"text_btqYN6":{"type":"text","settings":{"desktop_text":"Promotion","mobile_text":"","link":"","target_blank":false}},"icon_GrG8UH":{"type":"icon","settings":{"icon":"handsy\/alarm","icon_size":136,"color":"rgba(0,0,0,0)","mobile_color":"rgba(0,0,0,0)","mobile_icon_size":96,"link":"","target_blank":false}},"text_FYEekr":{"type":"text","settings":{"desktop_text":"Promotion","mobile_text":"","link":"","target_blank":false}},"icon_DfzbEa":{"type":"icon","settings":{"icon":"handsy\/time","icon_size":136,"color":"rgba(0,0,0,0)","mobile_color":"rgba(0,0,0,0)","mobile_icon_size":96,"link":"","target_blank":false}}},"block_order":["text_btqYN6","icon_GrG8UH","text_FYEekr","icon_DfzbEa"],"disabled":true,"settings":{"link":"","target_blank":false,"overlap":"disable","content_on_hover":false,"desktop_height_type":"pixels","desktop_pixels_height":1000,"vertical_content_position":"center","overlay_opacity":0,"mobile_overlay_opacity":50,"font_style":"section-heading","line_show":"disable","line_padding":24,"gap_items":48,"mobile_gap_items":48,"scroll_direction":"left","speed":1.6,"use_main_button":false,"mobile_height_type":"pixels","mobile_pixels_height":200,"content_under_image":false,"only_first_image":false,"full_width":true,"grid_style":"page","disable_max_width":false,"show_bottom_line":false,"color_scheme":"","banner_color_scheme":"background-2","overlapped_header_color_scheme":"","logo_style":"overlapped","mobile_color_scheme":"","mobile_banner_color_scheme":"background-2","mobile_overlapped_header_color_scheme":"","mobile_logo_style":"overlapped","section_framing":"disable","top_spacing":1,"bottom_spacing":1}},"media_with_text_98YP69":{"type":"media-with-text","blocks":{"heading_tzjXTU":{"type":"heading","settings":{"heading":"Media heading","heading_style":"page-title","heading_tag":"h2"}},"text_AKLeMk":{"type":"text","settings":{"text":"<p>Pair text with image or loop video to focus on your featured product, collection, or promotion. Tell a story, describe your brand or share announcements.<\/p>","text_style":"subheading-font"}},"button_ewkmTN":{"type":"button","settings":{"button_label":"Discover","button_icon":"","swap_button_icon":false,"button_link":"","target_blank":false,"button_style":"outlined","use_main_button":false}},"button_kGCXCM":{"type":"button","settings":{"button_label":"Discover","button_icon":"","swap_button_icon":false,"button_link":"","target_blank":false,"button_style":"outlined","use_main_button":false}},"button_pzfBXb":{"type":"button","settings":{"button_label":"Discover","button_icon":"","swap_button_icon":false,"button_link":"","target_blank":false,"button_style":"outlined","use_main_button":false}}},"block_order":["heading_tzjXTU","text_AKLeMk","button_ewkmTN","button_kGCXCM","button_pzfBXb"],"disabled":true,"settings":{"media_ratio":"3\/2","mobile_media_ratio":"1\/1","link":"","target_blank":false,"focal_point":"center center","enable_mute":true,"enable_pause":true,"control_horizontal_position":"flex-end","swap_media_position":false,"media_size":"small","content_width":"regular","vertical_text_alignment":"end","horizontal_text_alignment":"left","full_width":false,"grid_style":"page","disable_max_width":false,"show_bottom_line":false,"color_scheme":"background-4","section_framing":"grid","enable_sticky_content":false,"sticky_offset":48,"top_spacing":0.5,"bottom_spacing":0}},"media_with_text_nNEKya":{"type":"media-with-text","blocks":{"heading_7F8J7Q":{"type":"heading","settings":{"heading":"Media heading","heading_style":"section-heading","heading_tag":"h2"}},"icon_gdERw6":{"type":"icon","settings":{"icon":"glyphs\/signs\/full-image","icon_size":24,"color":"#000000","mobile_color":"#000000","mobile_icon_size":24,"link":"","target_blank":false}},"text_g3cGLc":{"type":"text","settings":{"text":"<p>Pair text with image or loop video to focus on your featured product, collection, or promotion. Tell a story, describe your brand or share announcements.<\/p>","text_style":"body-font"}},"subheading_rkbCCK":{"type":"subheading","settings":{"subheading":"Subheading","subheading_style":"subheading-font","subheading_tag":"h3"}},"promo_code_CjmKNr":{"type":"promo_code","settings":{"promo_code":"FirstOrder20","text_style":"secondary-heading"}}},"block_order":["heading_7F8J7Q","icon_gdERw6","text_g3cGLc","subheading_rkbCCK","promo_code_CjmKNr"],"disabled":true,"settings":{"media_ratio":"3\/2","mobile_media_ratio":"1\/1","link":"","target_blank":false,"focal_point":"center center","enable_mute":false,"enable_pause":false,"control_horizontal_position":"flex-end","swap_media_position":true,"media_size":"large","content_width":"regular","vertical_text_alignment":"center","horizontal_text_alignment":"center","full_width":false,"grid_style":"page","disable_max_width":false,"show_bottom_line":false,"color_scheme":"background-4","section_framing":"grid","enable_sticky_content":false,"sticky_offset":120,"top_spacing":0,"bottom_spacing":1}},"featured_blog_with_banner_Qp8CVe":{"type":"featured-blog-with-banner","blocks":{"title_hz4mY7":{"type":"title","settings":{"title_style":"section-heading","use_accent_color":false}},"info_eRaVzq":{"type":"info","settings":{"show_date":true,"show_author":false,"show_number_of_comments":false,"text_style":"caption-font"}},"excerpt_kUdU7E":{"type":"excerpt","settings":{"excerpt_line_limit":2,"text_style":"body-font"}},"read_more_BVM8Xk":{"type":"read_more","settings":{"button_label":"Keep reading","button_icon":"","swap_button_icon":false,"target_blank":false,"button_style":"link"}}},"block_order":["title_hz4mY7","info_eRaVzq","excerpt_kUdU7E","read_more_BVM8Xk"],"disabled":true,"settings":{"enable_sticky_content":true,"sticky_offset":24,"blog":"","posts_to_show":4,"on_mobile_show":1,"show_more_button_label":"Show more","show_more_button_icon":"","swap_show_more_button_icon":false,"show_more_button_style":"outlined","content_on_hover":false,"banner_media_ratio":"4\/5","content_under_image":false,"banner_size":6,"banner_position":"left","center_text":true,"vertical_content_position":"center","horizontal_content_position":"center","content_width":"narrow","fill_content":false,"overlay_opacity":50,"heading":"The Journal","heading_style":"page-title","heading_tag":"h2","text":"<p>Pair text with image or loop video to focus on your featured product, collection, or promotion. Tell a story, describe your brand or share announcements.<\/p>","text_style":"body-font","button_label":"Explore the Journal","button_icon":"","swap_button_icon":false,"target_blank":false,"button_style":"solid","container_paddings":40,"content_alignment":"center","featured_image":"row","media_ratio":"4\/3","focal_point":"center center","show_post_border":false,"full_width":true,"grid_style":"page","disable_max_width":false,"disable_grid_gaps":true,"show_bottom_line":false,"color_scheme":"background-1","banner_color_scheme":"background-2","post_color_scheme":"background-1","top_spacing":1,"bottom_spacing":1}},"video_banner_rUkVQB":{"type":"video-banner","blocks":{"icon_3TYxHG":{"type":"icon","disabled":true,"settings":{"icon":"handsy\/clothes","icon_size":120,"color":"#000000","mobile_color":"#000000","mobile_icon_size":120,"link":"","target_blank":false}},"heading_mDGQmD":{"type":"heading","disabled":true,"settings":{"heading":"Media heading","heading_style":"section-heading","heading_tag":"h2"}},"video_button_c8Qaym":{"type":"video_button","disabled":true,"settings":{"video_url":"https:\/\/www.youtube.com\/watch?v=_9VUPq3SxOc","button_label":"Watch now","video_alt":"","button_style":"link","use_main_button":false}}},"block_order":["icon_3TYxHG","heading_mDGQmD","video_button_c8Qaym"],"disabled":true,"settings":{"link":"","target_blank":false,"overlap":"disable","content_on_hover":false,"desktop_height_type":"pixels","desktop_pixels_height":900,"video_load":"shopify:\/\/files\/videos\/Naya Dour Film.webm","center_text":true,"vertical_content_position":"center","horizontal_content_position":"center","content_width":"regular","fill_content":false,"overlay_opacity":0,"mobile_overlay_opacity":0,"enable_mute":false,"enable_pause":false,"control_horizontal_position":"flex-end","mobile_height_type":"pixels","mobile_pixels_height":520,"content_under_video":false,"full_width":true,"grid_style":"page","disable_max_width":false,"show_bottom_line":false,"color_scheme":"","banner_color_scheme":"background-2","overlapped_header_color_scheme":"","logo_style":"overlapped","mobile_color_scheme":"","mobile_banner_color_scheme":"background-2","mobile_overlapped_header_color_scheme":"","mobile_logo_style":"overlapped","section_framing":"disable","enable_sticky_content":true,"sticky_offset":120,"top_spacing":0.1,"bottom_spacing":0.1}},"contact_form_qexzcx":{"type":"contact-form","blocks":{"custom_liquid_UmYHrL":{"type":"custom_liquid","settings":{"custom_liquid":"<iframe src=\"https:\/\/www.google.com\/maps\/embed?pb=!1m18!1m12!1m3!1d84739.6516274132!2d-79.42438943092579!3d43.631750858206!2m3!1f0!2f0!3f0!3m2!1i1024!2i768!4f13.1!3m3!1m2!1s0x882b3536229849ff%3A0xc35f5826d7229445!2sShopify!5e0!3m2!1sen!2sus!4v1729093519004!5m2!1sen!2sus\" width=\"100%\" height=\"350\" style=\"border:0;\" allowfullscreen=\"\" loading=\"lazy\" referrerpolicy=\"no-referrer-when-downgrade\"><\/iframe>","text_style":"body-font"}},"subheading_fEXjDY":{"type":"subheading","settings":{"subheading":"Subheading","subheading_style":"subheading-font","subheading_tag":"h3"}},"heading_N6Ngmr":{"type":"heading","settings":{"heading":"Our store","heading_style":"section-heading","heading_tag":"h2"}},"text_bDc8AP":{"type":"text","settings":{"text":"<p>Share your address and payment methods. Describe how to find your local store or how long it might take you to respond to an email. Attach a photo of the entrance.<\/p>","text_style":"body-font"}},"contacts_dJYUCk":{"type":"contacts","settings":{"subheading":"Contact","subheading_style":"subheading-font","contacts_1":"hello@shopifystore.com","contacts_1_type":"email","contacts_2":"123-456-7890","contacts_2_type":"phone_number","description":"Mon–Fri, 10AM–9PM","text_style":"body-font"}}},"block_order":["custom_liquid_UmYHrL","subheading_fEXjDY","heading_N6Ngmr","text_bDc8AP","contacts_dJYUCk"],"disabled":true,"settings":{"swap_position":false,"content_width":"wide","heading":"Get in touch","heading_style":"section-heading","heading_tag":"h2","name_placeholder":"John","email_placeholder":"john@gmail.com","show_phone":true,"phone_placeholder":"","show_message":true,"message_placeholder":"","field_line_style":true,"enable_checkbox":true,"make_required":true,"checkbox_label":"<p>I have read and agreed to the <a href=\"\/policies\/privacy-policy\">Terms and Conditions<\/a>*<\/p>","grid_style":"page","disable_max_width":false,"show_bottom_line":false,"color_scheme":"background-4","section_framing":"disable","form_color_scheme":"background-1","top_spacing":1,"bottom_spacing":1}},"collection_tabs_RRT7ff":{"type":"collection-tabs","blocks":{"collection_9njW9q":{"type":"collection","settings":{"collection":"men-shirts","custom_heading":"","info_card_style":"hide","info_card_position":"first","info_card_center_text":true,"info_card_link":"","info_card_target_blank":false,"info_card_subheading":"Fresh Drops","info_card_subheading_style":"subheading-font","info_card_subheading_tag":"h3","info_card_heading":"Feel The New You!","info_card_heading_style":"section-heading","info_card_heading_tag":"h2","info_card_text":"<p><em>With us, your style is your story - e<\/em>xceptional quality and innovative designs<br\/><br\/><\/p>","info_card_text_style":"body-font","info_card_button_style":"link","info_card_button_radius":"default","info_card_color_scheme":"background-2"}},"collection_LEPRLU":{"type":"collection","settings":{"collection":"men-bottoms","custom_heading":"","info_card_style":"hide","info_card_position":"first","info_card_center_text":true,"info_card_link":"","info_card_target_blank":false,"info_card_subheading":"Subheading","info_card_subheading_style":"subheading-font","info_card_subheading_tag":"h3","info_card_heading":"Heading","info_card_heading_style":"section-heading","info_card_heading_tag":"h2","info_card_text":"","info_card_text_style":"body-font","info_card_button_style":"link","info_card_button_radius":"default","info_card_color_scheme":""}},"collection_CM8FYH":{"type":"collection","settings":{"collection":"perfect-duos-men","custom_heading":"Third collection","info_card_style":"hide","info_card_position":"first","info_card_center_text":true,"info_card_link":"","info_card_target_blank":false,"info_card_subheading":"Subheading","info_card_subheading_style":"subheading-font","info_card_subheading_tag":"h3","info_card_heading":"Heading","info_card_heading_style":"section-heading","info_card_heading_tag":"h2","info_card_text":"","info_card_text_style":"body-font","info_card_button_style":"link","info_card_button_radius":"default","info_card_color_scheme":""}}},"block_order":["collection_9njW9q","collection_LEPRLU","collection_CM8FYH"],"settings":{"subheading":"","subheading_style":"secondary-heading","subheading_tag":"h3","heading":"","heading_style":"page-title","heading_tag":"h2","tabs_style":"secondary-heading","tabs_uppercase":false,"tabs_bolder_font":false,"center_text":true,"grid_type":"slider","products_per_page":6,"desktop_columns":"3","mobile_columns":"1","pagination_button_label":"Load more","pagination_button_icon":"","swap_pagination_button_icon":false,"pagination_button_style":"solid","use_main_button_pagination":false,"products_to_show":12,"desktop_item_width":6.5,"alignment_fewer_items":"center","mobile_item_min_width":170,"show_arrows":true,"show_scrollbar":false,"hover_behavior":"second_image_zoom","show_bullets":true,"autoplay_speed":3,"desktop_options":"enable","mobile_options":"enable","card_content_style":"regular","quick_buy":"enable","price_position":"bottom","options_position":"bottom","show_vendor":"disable","show_title":true,"max_product_name_characters":100,"show_rating":true,"show_short_description":true,"show_pickup_availability":false,"show_product_card_border":false,"full_width":true,"grid_style":"secondary","disable_max_width":false,"disable_grid_gaps":false,"show_bottom_line":false,"color_scheme":"background-1","product_card_color_scheme":"background-1","section_framing":"disable","top_spacing":0.8,"bottom_spacing":0.8}}},"order":["slideshow_kg8QdU","anchor_link_qH4TVa","scrolling_promotion_DQrjGR","featured_collections_kfGHgW","rich_text_TNCiBx","featured_collections_bwDizr","image_banner_KVyngX","scrolling_promotion_BYyHKC","featured_collection_with_media_QNcfj3","featured_product_EXPbJ4","slideshow_PPyqij","scrolling_promotion_gkycCX","featured_collection_with_media_WRhyWg","split_banner_W4NJGf","multicolumn_PfBc9M","testimonials_HqWemn","image_with_hotspots_brjmRJ","multicolumn_abaaVd","scrolling_promotion_banner_yMW3VY","media_with_text_98YP69","media_with_text_nNEKya","featured_blog_with_banner_Qp8CVe","video_banner_rUkVQB","contact_form_qexzcx","collection_tabs_RRT7ff"]}