 {
  "sections": {
    "main-page": {
      "type": "main-page",
      "settings": {
        "heading": "",
        "heading_style": "page-title",
        "hide_heading": false,
        "center_text": false,
        "rte_heading_style": "page-title",
        "page_style": "body-font",
        "content_width": "wide",
        "grid_style": "page",
        "disable_max_width": false,
        "show_bottom_line": false,
        "color_scheme": "background-4",
        "section_framing": "disable",
        "top_spacing": 0.5,
        "bottom_spacing": 0
      }
    },
    "contact_form_Rkmg7E": {
      "type": "contact-form",
      "blocks": {
        "subheading_NHf67w": {
          "type": "subheading",
          "settings": {
            "subheading": "Subheading",
            "subheading_style": "subheading-font",
            "subheading_tag": "h3"
          }
        },
        "heading_XnWPj3": {
          "type": "heading",
          "settings": {
            "heading": "Our store",
            "heading_style": "section-heading",
            "heading_tag": "h2"
          }
        },
        "text_grkbdp": {
          "type": "text",
          "settings": {
            "text": "<p>Share your address and payment methods. Describe how to find your local store or how long it might take you to respond to an email. Attach a photo of the entrance.</p>",
            "text_style": "body-font"
          }
        },
        "contacts_QnraTd": {
          "type": "contacts",
          "settings": {
            "subheading": "Contact",
            "subheading_style": "subheading-font",
            "contacts_1": "hello@shopifystore.com",
            "contacts_1_type": "email",
            "contacts_2": "123-456-7890",
            "contacts_2_type": "phone_number",
            "description": "Mon–Fri, 10AM–9PM",
            "text_style": "body-font"
          }
        }
      },
      "block_order": [
        "subheading_NHf67w",
        "heading_XnWPj3",
        "text_grkbdp",
        "contacts_QnraTd"
      ],
      "settings": {
        "swap_position": false,
        "content_width": "regular",
        "heading": "Get in touch",
        "heading_style": "section-heading",
        "heading_tag": "h2",
        "name_placeholder": "",
        "email_placeholder": "",
        "show_phone": true,
        "phone_placeholder": "",
        "show_message": true,
        "message_placeholder": "",
        "field_line_style": true,
        "enable_checkbox": false,
        "make_required": true,
        "checkbox_label": "<p>I have read and agreed to the <a href=\"/policies/privacy-policy\">Terms and Conditions</a>.</p>",
        "grid_style": "page",
        "disable_max_width": false,
        "show_bottom_line": false,
        "color_scheme": "",
        "section_framing": "disable",
        "form_color_scheme": "background-5",
        "top_spacing": 0.5,
        "bottom_spacing": 1
      }
    }
  },
  "order": [
    "main-page",
    "contact_form_Rkmg7E"
  ]
}
