{
  "sections": {
    "main-page": {
      "type": "main-page",
      "settings": {
        "heading": "",
        "heading_style": "section-heading",
        "hide_heading": false,
        "center_text": true,
        "rte_heading_style": "page-title",
        "page_style": "body-font",
        "content_width": "regular",
        "grid_style": "page",
        "disable_max_width": false,
        "show_bottom_line": false,
        "color_scheme": "",
        "section_framing": "disable",
        "top_spacing": 1,
        "bottom_spacing": 1
      }
    }
  },
  "order": [
    "main-page"
  ]
}
