{
  "sections": {
    "main-page": {
      "type": "main-page",
      "disabled": true,
      "settings": {
        "heading": "",
        "heading_style": "section-heading",
        "hide_heading": false,
        "center_text": true,
        "rte_heading_style": "page-title",
        "page_style": "body-font",
        "content_width": "regular",
        "grid_style": "page",
        "disable_max_width": false,
        "show_bottom_line": false,
        "color_scheme": "",
        "section_framing": "disable",
        "top_spacing": 1,
        "bottom_spacing": 1
      }
    },
    "scrolling_promotion_banner_8cCBfL": {
      "type": "scrolling-promotion-banner",
      "blocks": {
        "text_XAP7tx": {
          "type": "text",
          "settings": {
            "desktop_text": "About",
            "mobile_text": "",
            "link": "",
            "target_blank": false
          }
        },
        "icon_DQQpeN": {
          "type": "icon",
          "settings": {
            "icon": "glyphs/signs/hanger",
            "icon_size": 24,
            "color": "#ffffff",
            "mobile_color": "#ffffff",
            "mobile_icon_size": 24,
            "link": "",
            "target_blank": false
          }
        },
        "text_8CVxPx": {
          "type": "text",
          "settings": {
            "desktop_text": "About",
            "mobile_text": "",
            "link": "",
            "target_blank": false
          }
        },
        "icon_PmxXGF": {
          "type": "icon",
          "settings": {
            "icon": "glyphs/signs/sparkling",
            "icon_size": 24,
            "color": "#ffffff",
            "mobile_color": "#ffffff",
            "mobile_icon_size": 24,
            "link": "",
            "target_blank": false
          }
        }
      },
      "block_order": [
        "text_XAP7tx",
        "icon_DQQpeN",
        "text_8CVxPx",
        "icon_PmxXGF"
      ],
      "settings": {
        "link": "",
        "target_blank": false,
        "overlap": "enable",
        "content_on_hover": false,
        "desktop_height_type": "pixels",
        "desktop_pixels_height": 600,
        "vertical_content_position": "center",
        "overlay_opacity": 86,
        "mobile_overlay_opacity": 86,
        "font_style": "page-title",
        "line_show": "disable",
        "line_padding": 24,
        "gap_items": 160,
        "mobile_gap_items": 48,
        "scroll_direction": "left",
        "speed": 1.6,
        "use_main_button": false,
        "mobile_height_type": "pixels",
        "mobile_pixels_height": 440,
        "content_under_image": false,
        "only_first_image": false,
        "full_width": false,
        "grid_style": "page",
        "disable_max_width": false,
        "show_bottom_line": false,
        "color_scheme": "",
        "banner_color_scheme": "",
        "overlapped_header_color_scheme": "",
        "logo_style": "overlapped",
        "mobile_color_scheme": "",
        "mobile_banner_color_scheme": "",
        "mobile_overlapped_header_color_scheme": "",
        "mobile_logo_style": "overlapped",
        "section_framing": "disable",
        "top_spacing": 1,
        "bottom_spacing": 1
      }
    },
    "rich_text_TAV8M3": {
      "type": "rich-text",
      "blocks": {
        "heading_aPFh4z": {
          "type": "heading",
          "settings": {
            "heading": "Heading [highlighted text] and {styled text}",
            "heading_style": "section-heading",
            "heading_tag": "h2"
          }
        }
      },
      "block_order": ["heading_aPFh4z"],
      "settings": {
        "center_text": false,
        "content_width": "wide",
        "grid_style": "alternative",
        "disable_max_width": false,
        "show_bottom_line": false,
        "color_scheme": "",
        "section_framing": "disable",
        "top_spacing": 2,
        "bottom_spacing": 1
      }
    },
    "media_with_text_gRBhp7": {
      "type": "media-with-text",
      "blocks": {
        "icon_taBLXF": {
          "type": "icon",
          "settings": {
            "icon": "handsy/care",
            "icon_size": 84,
            "color": "#fef665",
            "mobile_color": "#fef665",
            "mobile_icon_size": 68,
            "link": "",
            "target_blank": false
          }
        },
        "heading_RVEdXL": {
          "type": "heading",
          "settings": {
            "heading": "Media heading",
            "heading_style": "section-heading",
            "heading_tag": "h2"
          }
        },
        "text_j86R3U": {
          "type": "text",
          "settings": {
            "text": "<p>Pair text with image or loop video to focus on your featured product, collection, or promotion. Tell a story, describe your brand or share announcements.</p>",
            "text_style": "body-font"
          }
        }
      },
      "block_order": ["icon_taBLXF", "heading_RVEdXL", "text_j86R3U"],
      "settings": {
        "media_ratio": "4/5",
        "mobile_media_ratio": "4/5",
        "link": "",
        "target_blank": false,
        "focal_point": "center center",
        "enable_mute": false,
        "enable_pause": false,
        "control_horizontal_position": "flex-end",
        "swap_media_position": false,
        "media_size": "half",
        "content_width": "narrow",
        "vertical_text_alignment": "center",
        "horizontal_text_alignment": "left",
        "full_width": false,
        "grid_style": "page",
        "disable_max_width": true,
        "show_bottom_line": false,
        "color_scheme": "background-4",
        "section_framing": "grid",
        "enable_sticky_content": true,
        "sticky_offset": 120,
        "top_spacing": 1,
        "bottom_spacing": 1
      }
    },
    "icons_with_text_wpAQAn": {
      "type": "icons-with-text",
      "blocks": {
        "item_DYQkec": {
          "type": "item",
          "settings": {
            "icon": "glyphs/signs/full-image",
            "color": "#000000",
            "mobile_color": "#000000",
            "heading": "Icon heading",
            "heading_style": "section-heading",
            "text": "<p>Add a short advantage or guarantee description.</p>",
            "text_style": "body-font",
            "page": "",
            "rte_heading_style": "section-heading",
            "page_content_in_popup": true,
            "popup_style": "popover",
            "popup_width": "wide"
          }
        },
        "item_UhGV3z": {
          "type": "item",
          "settings": {
            "icon": "glyphs/signs/full-image",
            "color": "#000000",
            "mobile_color": "#000000",
            "heading": "Icon heading",
            "heading_style": "section-heading",
            "text": "<p>Add a short advantage or guarantee description.</p>",
            "text_style": "body-font",
            "page": "",
            "rte_heading_style": "section-heading",
            "page_content_in_popup": true,
            "popup_style": "popover",
            "popup_width": "wide"
          }
        },
        "item_UqpV36": {
          "type": "item",
          "settings": {
            "icon": "glyphs/signs/full-image",
            "color": "#000000",
            "mobile_color": "#000000",
            "heading": "Icon heading",
            "heading_style": "section-heading",
            "text": "<p>Add a short advantage or guarantee description.</p>",
            "text_style": "body-font",
            "page": "",
            "rte_heading_style": "section-heading",
            "page_content_in_popup": true,
            "popup_style": "popover",
            "popup_width": "wide"
          }
        }
      },
      "block_order": ["item_DYQkec", "item_UhGV3z", "item_UqpV36"],
      "settings": {
        "heading": "",
        "heading_style": "section-heading",
        "heading_tag": "h2",
        "grid_type": "slider",
        "desktop_item_width": 4,
        "alignment_fewer_items": "center",
        "mobile_item_min_width": 250,
        "show_arrows": true,
        "show_scrollbar": true,
        "desktop_columns": "3",
        "mobile_columns": "2",
        "center_text": true,
        "icon_or_image_size": 48,
        "fill_container": false,
        "image_radius": "default",
        "full_width": false,
        "grid_style": "page",
        "disable_max_width": true,
        "show_bottom_line": false,
        "color_scheme": "",
        "section_framing": "disable",
        "top_spacing": 1,
        "bottom_spacing": 1
      }
    },
    "slideshow_jWiUNz": {
      "type": "slideshow",
      "blocks": {
        "image_UJMEKi": {
          "type": "image",
          "settings": {
            "link": "",
            "target_blank": false,
            "icon": "",
            "color": "#000000",
            "mobile_color": "#000000",
            "context_image_width": 120,
            "context_media_ratio": "auto",
            "context_image_radius": "default",
            "context_image_link": "",
            "context_target_blank": false,
            "heading": "",
            "heading_style": "section-heading",
            "heading_tag": "h2",
            "text": "",
            "text_style": "body-font",
            "richtext_heading_style": "section-heading",
            "button_label_1": "",
            "button_icon_1": "",
            "swap_button_icon_1": false,
            "button_style_1": "solid",
            "button_link_1": "",
            "button_target_blank_1": false,
            "use_main_button": true,
            "button_label_2": "",
            "button_icon_2": "",
            "swap_button_icon_2": false,
            "button_style_2": "solid",
            "button_link_2": "",
            "button_target_blank_2": false,
            "button_label_3": "",
            "button_icon_3": "",
            "swap_button_icon_3": false,
            "button_style_3": "solid",
            "button_link_3": "",
            "button_target_blank_3": false,
            "center_text": true,
            "vertical_content_position": "center",
            "horizontal_content_position": "center",
            "content_width": "regular",
            "fill_content": false,
            "overlay_opacity": 0,
            "mobile_overlay_opacity": 0,
            "color_scheme": "",
            "banner_color_scheme": "background-1",
            "overlapped_header_color_scheme": "",
            "logo_style": "overlapped",
            "mobile_color_scheme": "",
            "mobile_banner_color_scheme": "background-1",
            "mobile_overlapped_header_color_scheme": "",
            "mobile_logo_style": "overlapped"
          }
        },
        "image_KaiYDc": {
          "type": "image",
          "settings": {
            "link": "",
            "target_blank": false,
            "icon": "",
            "color": "#000000",
            "mobile_color": "#000000",
            "context_image_width": 120,
            "context_media_ratio": "auto",
            "context_image_radius": "default",
            "context_image_link": "",
            "context_target_blank": false,
            "heading": "",
            "heading_style": "section-heading",
            "heading_tag": "h2",
            "text": "",
            "text_style": "body-font",
            "richtext_heading_style": "section-heading",
            "button_label_1": "",
            "button_icon_1": "",
            "swap_button_icon_1": false,
            "button_style_1": "solid",
            "button_link_1": "",
            "button_target_blank_1": false,
            "use_main_button": true,
            "button_label_2": "",
            "button_icon_2": "",
            "swap_button_icon_2": false,
            "button_style_2": "solid",
            "button_link_2": "",
            "button_target_blank_2": false,
            "button_label_3": "",
            "button_icon_3": "",
            "swap_button_icon_3": false,
            "button_style_3": "solid",
            "button_link_3": "",
            "button_target_blank_3": false,
            "center_text": true,
            "vertical_content_position": "center",
            "horizontal_content_position": "center",
            "content_width": "regular",
            "fill_content": false,
            "overlay_opacity": 0,
            "mobile_overlay_opacity": 0,
            "color_scheme": "",
            "banner_color_scheme": "background-1",
            "overlapped_header_color_scheme": "",
            "logo_style": "overlapped",
            "mobile_color_scheme": "",
            "mobile_banner_color_scheme": "background-1",
            "mobile_overlapped_header_color_scheme": "",
            "mobile_logo_style": "overlapped"
          }
        }
      },
      "block_order": ["image_UJMEKi", "image_KaiYDc"],
      "settings": {
        "overlap": "disable",
        "desktop_height_type": "pixels",
        "desktop_pixels_height": 700,
        "mobile_height_type": "pixels",
        "mobile_pixels_height": 400,
        "enable_autoplay": true,
        "autoplay_speed": 5,
        "effect": "fade",
        "transition_duration": 300,
        "bullets_size": "60px",
        "show_arrows": true,
        "desktop_content_under_media": true,
        "mobile_content_under_media": true,
        "full_width": true,
        "grid_style": "page",
        "disable_max_width": false,
        "show_bottom_line": false,
        "section_framing": "disable",
        "top_spacing": 0.5,
        "bottom_spacing": 1
      }
    },
    "multicolumn_txxxkt": {
      "type": "multicolumn",
      "blocks": {
        "text_QRxaHi": {
          "type": "text",
          "settings": {
            "link": "",
            "block_target_blank": false,
            "heading": "Text heading",
            "heading_style": "section-heading",
            "text": "<p>Tell a story, describe your brand or share announcements.</p>",
            "text_style": "body-font",
            "text_alignment": "left",
            "button_label": "",
            "button_icon": "",
            "swap_button_icon": false,
            "button_link": "",
            "target_blank": false,
            "button_style": "outlined",
            "color_scheme": ""
          }
        },
        "text_396keg": {
          "type": "text",
          "settings": {
            "link": "",
            "block_target_blank": false,
            "heading": "Text heading",
            "heading_style": "section-heading",
            "text": "<p>Tell a story, describe your brand or share announcements.</p>",
            "text_style": "body-font",
            "text_alignment": "left",
            "button_label": "",
            "button_icon": "",
            "swap_button_icon": false,
            "button_link": "",
            "target_blank": false,
            "button_style": "outlined",
            "color_scheme": ""
          }
        }
      },
      "block_order": ["text_QRxaHi", "text_396keg"],
      "settings": {
        "subheading": "Subheading",
        "subheading_style": "subheading-font",
        "subheading_tag": "h3",
        "heading": "",
        "heading_style": "section-heading",
        "heading_tag": "h2",
        "center_text": true,
        "desktop_columns": "2",
        "mobile_columns": "1",
        "enable_masonry": true,
        "media_radius": "default",
        "full_width": false,
        "grid_style": "alternative",
        "disable_max_width": false,
        "disable_grid_gaps": false,
        "show_bottom_line": false,
        "color_scheme": "",
        "section_framing": "disable",
        "top_spacing": 1,
        "bottom_spacing": 1
      }
    },
    "newsletter_cmVHnp": {
      "type": "newsletter",
      "blocks": {
        "heading_r6AXjr": {
          "type": "heading",
          "settings": {
            "heading": "Subscribe to our newsletter",
            "heading_style": "section-heading",
            "heading_tag": "h2"
          }
        },
        "text_WCVTQp": {
          "type": "text",
          "settings": {
            "text": "<p>Let your customers know what they will receive by subscribing to your newsletter.</p>",
            "text_style": "body-font"
          }
        },
        "newsletter_form_hWGtH6": {
          "type": "newsletter_form",
          "settings": {
            "label": "Email",
            "placeholder": "",
            "caption": "",
            "text_style": "caption-font",
            "enable_checkbox": false,
            "make_required": true,
            "checkbox_label": "<p>I have read and agreed to the <a href='/policies/privacy-policy'>Terms and Conditions</a>.</p>"
          }
        }
      },
      "block_order": [
        "heading_r6AXjr",
        "text_WCVTQp",
        "newsletter_form_hWGtH6"
      ],
      "settings": {
        "overlap": "disable",
        "desktop_height_type": "pixels",
        "desktop_pixels_height": 600,
        "center_text": true,
        "vertical_content_position": "center",
        "horizontal_content_position": "center",
        "content_width": "regular",
        "fill_content": false,
        "overlay_opacity": 100,
        "mobile_overlay_opacity": 100,
        "mobile_height_type": "pixels",
        "mobile_pixels_height": 480,
        "content_under_image": false,
        "full_width": false,
        "grid_style": "secondary",
        "disable_max_width": false,
        "show_bottom_line": false,
        "color_scheme": "",
        "banner_color_scheme": "",
        "overlapped_header_color_scheme": "",
        "logo_style": "overlapped",
        "mobile_color_scheme": "",
        "mobile_banner_color_scheme": "",
        "mobile_overlapped_header_color_scheme": "",
        "mobile_logo_style": "overlapped",
        "section_framing": "disable",
        "enable_sticky_content": false,
        "sticky_offset": 120,
        "top_spacing": 1,
        "bottom_spacing": 1
      }
    },
    "featured_blog_hnxUWt": {
      "type": "featured-blog",
      "blocks": {
        "title_xrPE9W": {
          "type": "title",
          "settings": {
            "title_style": "secondary-heading",
            "use_accent_color": false
          }
        },
        "info_JxV6gk": {
          "type": "info",
          "settings": {
            "show_date": true,
            "show_author": false,
            "show_number_of_comments": false,
            "text_style": "caption-font"
          }
        },
        "excerpt_QWVnp9": {
          "type": "excerpt",
          "disabled": true,
          "settings": {
            "excerpt_line_limit": 2,
            "text_style": "body-font"
          }
        },
        "read_more_PhJkaC": {
          "type": "read_more",
          "settings": {
            "button_label": "Keep reading",
            "button_icon": "",
            "swap_button_icon": false,
            "target_blank": false,
            "button_style": "link"
          }
        }
      },
      "block_order": [
        "title_xrPE9W",
        "info_JxV6gk",
        "excerpt_QWVnp9",
        "read_more_PhJkaC"
      ],
      "settings": {
        "posts_to_show": 2,
        "on_mobile_show": 0,
        "show_more_button_label": "Show more",
        "show_more_button_icon": "",
        "swap_show_more_button_icon": false,
        "show_more_button_style": "outlined",
        "desktop_columns": "3",
        "mobile_columns": "1",
        "heading": "The Journal",
        "heading_style": "section-heading",
        "heading_tag": "h2",
        "text": "<p>Pair text with image or loop video to focus on your featured product, collection, or promotion. Tell a story, describe your brand or share announcements.</p>",
        "text_style": "body-font",
        "button_label": "Explore the Journal",
        "button_icon": "",
        "swap_button_icon": false,
        "target_blank": false,
        "button_style": "solid",
        "vertical_content_position": "center",
        "content_alignment": "center",
        "show_featured_image": true,
        "media_ratio": "1/1",
        "focal_point": "center center",
        "show_post_border": true,
        "full_width": false,
        "grid_style": "secondary",
        "disable_max_width": false,
        "disable_grid_gaps": true,
        "show_bottom_line": false,
        "color_scheme": "background-1",
        "post_color_scheme": "background-1",
        "section_framing": "disable",
        "top_spacing": 1,
        "bottom_spacing": 1
      }
    }
  },
  "order": [
    "main-page",
    "scrolling_promotion_banner_8cCBfL",
    "rich_text_TAV8M3",
    "media_with_text_gRBhp7",
    "icons_with_text_wpAQAn",
    "slideshow_jWiUNz",
    "multicolumn_txxxkt",
    "newsletter_cmVHnp",
    "featured_blog_hnxUWt"
  ]
}
