{
  "layout": "password",
  "sections": {
    "main": {
      "type": "newsletter",
      "blocks": {
        "e04b1960-8523-4783-bceb-a0264f076c35": {
          "type": "heading",
          "settings": {
            "heading": "Opening soon",
            "heading_style": "section-heading",
            "heading_tag": "h2"
          }
        },
        "07475c56-7375-4b47-9b6b-8bc54368a66e": {
          "type": "text",
          "settings": {
            "text": "<p>Be the first to know when we launch</p>",
            "text_style": "body-font"
          }
        },
        "1e99f0f8-7934-4e5f-b4f3-d9ae12b991cc": {
          "type": "newsletter_form",
          "settings": {
            "label": "Email",
            "placeholder": "",
            "caption": "",
            "text_style": "caption-font",
            "enable_checkbox": false,
            "make_required": true,
            "checkbox_label": "<p>I have read and agreed to the <a href='/policies/privacy-policy'>Terms and Conditions</a>.</p>"
          }
        }
      },
      "block_order": [
        "e04b1960-8523-4783-bceb-a0264f076c35",
        "07475c56-7375-4b47-9b6b-8bc54368a66e",
        "1e99f0f8-7934-4e5f-b4f3-d9ae12b991cc"
      ],
      "settings": {
        "overlap": "enable",
        "desktop_height_type": "pixels",
        "desktop_pixels_height": 600,
        "center_text": false,
        "vertical_content_position": "center",
        "horizontal_content_position": "center",
        "content_width": "wide",
        "fill_content": false,
        "overlay_opacity": 0,
        "mobile_overlay_opacity": 0,
        "mobile_height_type": "persentages",
        "mobile_pixels_height": 690,
        "content_under_image": false,
        "full_width": true,
        "grid_style": "page",
        "disable_max_width": false,
        "show_bottom_line": false,
        "color_scheme": "",
        "banner_color_scheme": "",
        "overlapped_header_color_scheme": "background-2",
        "logo_style": "overlapped",
        "mobile_color_scheme": "",
        "mobile_banner_color_scheme": "background-2",
        "mobile_overlapped_header_color_scheme": "background-2",
        "mobile_logo_style": "overlapped",
        "section_framing": "disable",
        "enable_sticky_content": true,
        "sticky_offset": 120,
        "top_spacing": 0,
        "bottom_spacing": 0
      }
    }
  },
  "order": [
    "main"
  ]
}
