{"sections":{"main-product":{"type":"main-product","blocks":{"breadcrumbs":{"type":"breadcrumbs","settings":{"breadcrumbs_center_content":false,"top_spacing":1,"mobile_top_spacing":1}},"vendor":{"type":"vendor","settings":{"show_vendor":"image","vendor_image_height":28,"text_style":"body-font","uppercase":false,"bolder_font":false,"top_spacing":1,"mobile_top_spacing":1}},"title_with_price":{"type":"title_with_price","disabled":true,"settings":{"heading_style":"section-heading","heading_tag":"h1","uppercase":false,"bolder_font":false,"price_style":"section-heading","price_bolder_font":false,"text_style":"body-font","show_price":true,"compare_at_price_color":"sale","show_badges":true,"hide_shipping_note":false,"top_spacing":1,"mobile_top_spacing":1}},"title_with_vendor":{"type":"title_with_vendor","disabled":true,"settings":{"heading_style":"section-heading","heading_tag":"h1","uppercase":false,"bolder_font":false,"show_vendor":"image","vendor_image_height":40,"text_style":"body-font","vendor_uppercase":false,"vendor_bolder_font":false,"top_spacing":1,"mobile_top_spacing":1}},"title":{"type":"title","settings":{"heading_style":"section-heading","heading_tag":"h1","uppercase":false,"bolder_font":false,"top_spacing":1,"mobile_top_spacing":1}},"price_mX3A8q":{"type":"price","settings":{"price_style":"subheading-font","price_bolder_font":false,"text_style":"caption-font","show_price":true,"compare_at_price_color":"sale","show_badges":true,"hide_shipping_note":false,"top_spacing":1,"mobile_top_spacing":1}},"linked_products_mh9CjT":{"type":"linked_products","settings":{"heading":"Colors","uppercase":true,"bolder_font":false,"heading_style":"subheading-font","top_spacing":1,"mobile_top_spacing":1}},"variant_picker":{"type":"variant_picker","settings":{"label_style":"body-font","label_uppercase":false,"label_bolder_font":false,"text_style":"body-font","text_uppercase":false,"text_bolder_font":true,"variant_size_label":"Size","show_ruler":true,"variant_size_text":"","variant_size_text_style":"body-font","variant_size_page":"","rte_heading_style":"section-heading","popup_style":"popover","popup_width":"regular","top_spacing":1,"mobile_top_spacing":1}},"inventory_status_btP6qR":{"type":"inventory_status","settings":{"show_label":false,"show_transfer":true,"show_bar":true,"base_quantity":"100","low_threshold":"10","label_style":"subheading-font","label_uppercase":true,"label_bolder_font":false,"text_style":"body-font","top_spacing":1,"mobile_top_spacing":1}},"af462a58-0554-4b4c-aaaf-172590d8ff2f":{"type":"buy_buttons","settings":{"show_dynamic_checkout":true,"show_gift_card_recipient":false,"style":"show_quantity","hide_pickup_availability":false,"button_radius":"3px","use_main_button":true,"top_spacing":1,"mobile_top_spacing":1}},"payment_methods":{"type":"payment_methods","settings":{"black_and_white":true,"icon_width":38,"top_spacing":2,"mobile_top_spacing":1}},"second_container_FE4QCE":{"type":"second_container","settings":{"heading":"","heading_style":"subheading-font","uppercase":true,"bolder_font":false,"top_spacing":1,"mobile_top_spacing":1}},"text_9CJAmC":{"type":"text","settings":{"text":"<h5>Description<\/h5>","richtext_heading_style":"page-title","text_style":"body-font","color_scheme":"background-1","top_spacing":3,"mobile_top_spacing":1}},"tabs_HMziG6":{"type":"tabs","settings":{"text_uppercase":false,"text_bolder_font":false,"text_style":"body-font","page_style":"body-font","custom_heading_1":"Description","custom_heading_2":"Second tab","text_2":"<p>Add an optional description to a promotion, product, or collection.<\/p>","page_2":"","custom_heading_3":"","text_3":"","page_3":"","custom_heading_4":"","text_4":"","page_4":"","custom_heading_5":"","text_5":"","page_5":"","top_spacing":1,"mobile_top_spacing":1}},"ask_question_NxtQXa":{"type":"ask_question","settings":{"popup_style":"popover","popup_width":"regular","icon":"","color":"#000000","mobile_color":"#000000","link_text":"Ask a question","link_text_style":"caption-font","uppercase":true,"bolder_font":false,"heading":"Ask a question about {{ product.title }}","heading_style":"section-heading","show_name":true,"make_name_required":true,"name_placeholder":"","email_placeholder":"","show_phone":true,"phone_placeholder":"","show_message":true,"message_placeholder":"","enable_checkbox":false,"make_required":true,"checkbox_label":"<p>I have read and agreed to the <a href=\"\/policies\/privacy-policy\">Terms and Conditions<\/a>.<\/p>","top_spacing":3,"mobile_top_spacing":1}},"icons_with_text_caHVxC":{"type":"icons_with_text","settings":{"style":"vertical","show_horizontal_lines":false,"heading":"","heading_style":"subheading-font","heading_uppercase":false,"heading_bolder_font":false,"title_style":"subheading-font","title_uppercase":false,"title_bolder_font":false,"text_style":"body-font","text_uppercase":false,"text_bolder_font":false,"rte_heading_style":"section-heading","icon_or_image_size":32,"fill_container":false,"image_radius":"default","icon_1":"glyphs\/signs\/transit","color_1":"#50a16f","mobile_color_1":"#000000","title_1":"Free shipping over $50","text_1":"","page_1":"","page_content_in_popup_1":true,"popup_style_1":"popover","popup_width_1":"regular","icon_2":"glyphs\/signs\/protect","color_2":"#8350a1","mobile_color_2":"#000000","title_2":"Secure Checkout","text_2":"","page_2":"","page_content_in_popup_2":true,"popup_style_2":"popover","popup_width_2":"regular","icon_3":"glyphs\/interface\/restart","color_3":"#5067a1","mobile_color_3":"#000000","title_3":"Hassle-Free Returns","text_3":"","page_3":"","page_content_in_popup_3":true,"popup_style_3":"popover","popup_width_3":"regular","icon_4":"","color_4":"#000000","mobile_color_4":"#000000","title_4":"","text_4":"","page_4":"","page_content_in_popup_4":true,"popup_style_4":"popover","popup_width_4":"regular","title_5":"","icon_5":"","color_5":"#000000","mobile_color_5":"#000000","text_5":"","page_5":"","page_content_in_popup_5":true,"popup_style_5":"popover","popup_width_5":"regular","icon_6":"","color_6":"#000000","mobile_color_6":"#000000","title_6":"","text_6":"","page_6":"","page_content_in_popup_6":true,"popup_style_6":"popover","popup_width_6":"regular","top_spacing":3,"mobile_top_spacing":1}},"text_Q4JNBz":{"type":"text","settings":{"text":"<p>Add an optional description to a promotion, product, or collection.<\/p>","richtext_heading_style":"section-heading","text_style":"subheading-font","color_scheme":"background-5","top_spacing":3,"mobile_top_spacing":1}},"complementary_products_c3r39t":{"type":"complementary_products","settings":{"heading":"Pairs well with","heading_style":"subheading-font","uppercase":true,"bolder_font":false,"hover_behavior":"second_image_zoom","card_content_style":"regular","price_position":"bottom","show_vendor":"image","show_title":true,"max_product_name_characters":100,"show_rating":true,"show_short_description":false,"show_pickup_availability":false,"top_spacing":3,"mobile_top_spacing":1}},"related_collections_G7HxXD":{"type":"related_collections","settings":{"heading":"","heading_style":"caption-font","heading_uppercase":true,"heading_bolder_font":false,"title_style":"subheading-font","title_uppercase":true,"title_bolder_font":false,"text_style":"caption-font","collection_by_brand":true,"shop_by_brand":true,"shop_the_collection":true,"top_spacing":3,"mobile_top_spacing":1}},"share_ntmLxU":{"type":"share","settings":{"show_only_icons":false,"text_style":"caption-font","top_spacing":3,"mobile_top_spacing":1}}},"block_order":["breadcrumbs","vendor","title_with_price","title_with_vendor","title","price_mX3A8q","linked_products_mh9CjT","variant_picker","inventory_status_btP6qR","af462a58-0554-4b4c-aaaf-172590d8ff2f","payment_methods","second_container_FE4QCE","text_9CJAmC","tabs_HMziG6","ask_question_NxtQXa","icons_with_text_caHVxC","text_Q4JNBz","complementary_products_c3r39t","related_collections_G7HxXD","share_ntmLxU"],"settings":{"overlap":"desktop","enable_sticky_content":true,"sticky_offset":96,"media_position":"left","gallery_style":"gallery","gallery_size":6,"grid_gap":0,"organize_images":true,"show_media_attached_to_variant":true,"desktop_media_ratio":"1\/1","mobile_media_ratio":"4\/5","focal_point":"center center","fit_media_inside_container":false,"container_inner_spacing":1,"media_radius":"0px","enable_video_autoplay":true,"image_zoom":"lightbox","desktop_width":100,"mobile_width":100,"zoom_media_ratio":"auto","zoom_focal_point":"center center","show_arrow_in_mobile":false,"enable_slideshow_zoom_in":true,"show_thumbnails":"below_gallery","sticky_thumbnails":true,"thumbnails_width":120,"thumbnails_gap":4,"thumbnails_media_ratio":"1\/1","thumbnails_focal_point":"center center","thumbnails_radius":"0px","show_thumbnails_on_mobile":false,"mobile_thumbnails_width":80,"mobile_thumbnails_gap":10,"mobile_thumbnails_media_ratio":"1\/1","mobile_thumbnails_focal_point":"center center","mobile_thumbnails_radius":"0px","container_paddings":36,"content_layout":"second_below_media","first_container_alignment":"flex-start","first_container_padding":24,"second_container_alignment":"flex-start","second_container_padding":0,"top_container_on_mobile":"first","enable_sticky_add_to_cart":true,"show_sticky_add_to_cart":"both","sticky_add_position":"center","toast_radius":"5px","show_outline":false,"sticky_card_content_style":"small","show_image_sticky_add":true,"sticky_add_image_ratio":"4\/5","sticky_add_focal_point":"center center","sticky_image_radius":"0px","show_price_sticky_add":true,"sticky_add_color_scheme":"","full_width":true,"grid_style":"secondary","disable_max_width":false,"show_bottom_line":false,"color_scheme":"background-1","gallery_color_scheme":"","overlapped_header_color_scheme":"","logo_style":"regular","top_spacing":0,"bottom_spacing":1}},"product_recommendations_DxMgjn":{"type":"product-recommendations","settings":{"heading":"You may also like","heading_style":"section-heading","heading_tag":"h2","center_text":true,"desktop_item_width":4.5,"alignment_fewer_items":"center","mobile_item_min_width":300,"show_arrows":true,"show_scrollbar":true,"hover_behavior":"second_image_zoom","show_bullets":true,"autoplay_speed":2,"desktop_options":"enable","mobile_options":"enable","card_content_style":"regular","quick_buy":"enable","price_position":"bottom","options_position":"bottom","show_vendor":"image","show_title":true,"max_product_name_characters":100,"show_rating":true,"show_short_description":true,"show_pickup_availability":false,"show_product_card_border":false,"info_card_style":"hide","info_card_position":"first","info_card_center_text":false,"info_card_link":"","info_card_target_blank":false,"info_card_subheading":"Subheading","info_card_subheading_style":"subheading-font","info_card_subheading_tag":"h3","info_card_heading":"Heading","info_card_heading_style":"secondary-heading","info_card_heading_tag":"h2","info_card_text":"","info_card_text_style":"body-font","info_card_button_style":"solid","info_card_button_radius":"default","full_width":true,"grid_style":"secondary","disable_max_width":true,"disable_grid_gaps":false,"show_bottom_line":false,"color_scheme":"","product_card_color_scheme":"background-1","info_card_color_scheme":"","section_framing":"disable","top_spacing":1,"bottom_spacing":1}},"recently_viewed_products_V8yePi":{"type":"recently-viewed-products","settings":{"heading":"Recently viewed","heading_style":"section-heading","heading_tag":"h2","center_text":true,"desktop_item_width":6.5,"alignment_fewer_items":"left","mobile_item_min_width":250,"show_arrows":true,"show_scrollbar":true,"hover_behavior":"image_zoom","show_bullets":true,"autoplay_speed":2,"desktop_options":"enable","mobile_options":"enable","card_content_style":"regular","quick_buy":"enable","price_position":"bottom","options_position":"bottom","show_vendor":"text","show_title":true,"max_product_name_characters":100,"show_rating":true,"show_short_description":true,"show_pickup_availability":false,"show_product_card_border":false,"info_card_style":"hide","info_card_position":"first","info_card_center_text":false,"info_card_link":"","info_card_target_blank":false,"info_card_subheading":"Subheading","info_card_subheading_style":"subheading-font","info_card_subheading_tag":"h3","info_card_heading":"Heading","info_card_heading_style":"secondary-heading","info_card_heading_tag":"h2","info_card_text":"","info_card_text_style":"body-font","info_card_button_style":"solid","info_card_button_radius":"default","full_width":true,"grid_style":"secondary","disable_max_width":true,"disable_grid_gaps":false,"show_bottom_line":false,"color_scheme":"","product_card_color_scheme":"","info_card_color_scheme":"","section_framing":"disable","top_spacing":1,"bottom_spacing":1}},"175931670998acd34d":{"type":"apps","blocks":{"kiwi_size_chart_recommender_kiwi_sizing_aPt3bE":{"type":"shopify:\/\/apps\/kiwi-size-chart-recommender\/blocks\/kiwiSizing\/b7369922-bf15-44ce-a121-a22a8fcbc4b0","settings":{"product":"{{product}}","waitForElementSelector":"","waitForElementDelay":5}}},"block_order":["kiwi_size_chart_recommender_kiwi_sizing_aPt3bE"],"settings":{"use_margins":true,"grid_style":"page","disable_max_width":false,"show_bottom_line":false,"top_spacing":1,"bottom_spacing":1}}},"order":["main-product","product_recommendations_DxMgjn","recently_viewed_products_V8yePi","175931670998acd34d"]}