{
  "sections": {
    "main-product": {
      "type": "main-product",
      "blocks": {
        "breadcrumbs": {
          "type": "breadcrumbs",
          "settings": {
            "breadcrumbs_center_content": false,
            "top_spacing": 1,
            "mobile_top_spacing": 1
          }
        },
        "vendor": {
          "type": "vendor",
          "settings": {
            "show_vendor": "image",
            "vendor_image_height": 28,
            "text_style": "body-font",
            "uppercase": false,
            "bolder_font": false,
            "top_spacing": 1,
            "mobile_top_spacing": 1
          }
        },
        "title": {
          "type": "title",
          "settings": {
            "heading_style": "section-heading",
            "heading_tag": "h1",
            "uppercase": false,
            "bolder_font": false,
            "top_spacing": 1,
            "mobile_top_spacing": 1
          }
        },
        "title_with_vendor_3TMp7y": {
          "type": "title_with_vendor",
          "settings": {
            "heading_style": "section-heading",
            "heading_tag": "h1",
            "uppercase": false,
            "bolder_font": false,
            "show_vendor": "image",
            "vendor_image_height": 40,
            "text_style": "body-font",
            "vendor_uppercase": false,
            "vendor_bolder_font": false,
            "top_spacing": 1,
            "mobile_top_spacing": 1
          },
          "disabled": true
        },
        "price_mX3A8q": {
          "type": "price",
          "settings": {
            "price_style": "secondary-heading",
            "price_bolder_font": false,
            "text_style": "caption-font",
            "show_price": true,
            "compare_at_price_color": "sale",
            "show_badges": true,
            "hide_shipping_note": false,
            "top_spacing": 0.5,
            "mobile_top_spacing": 0
          }
        },
        "linked_products_mh9CjT": {
          "type": "linked_products",
          "settings": {
            "heading": "Colors",
            "uppercase": true,
            "bolder_font": false,
            "heading_style": "subheading-font",
            "top_spacing": 1,
            "mobile_top_spacing": 1
          }
        },
        "variant_picker": {
          "type": "variant_picker",
          "settings": {
            "label_style": "body-font",
            "label_uppercase": false,
            "label_bolder_font": false,
            "text_style": "body-font",
            "text_uppercase": false,
            "text_bolder_font": true,
            "variant_size_label": "Size",
            "show_ruler": true,
            "variant_size_text": "",
            "variant_size_text_style": "body-font",
            "variant_size_page": "",
            "rte_heading_style": "section-heading",
            "popup_style": "popover",
            "popup_width": "regular",
            "top_spacing": 1,
            "mobile_top_spacing": 1
          }
        },
        "inventory_status_btP6qR": {
          "type": "inventory_status",
          "settings": {
            "show_label": false,
            "show_transfer": true,
            "show_bar": true,
            "base_quantity": "100",
            "low_threshold": "10",
            "label_style": "subheading-font",
            "label_uppercase": true,
            "label_bolder_font": false,
            "text_style": "body-font",
            "top_spacing": 1,
            "mobile_top_spacing": 1
          }
        },
        "buy_buttons": {
          "type": "buy_buttons",
          "settings": {
            "show_dynamic_checkout": true,
            "show_gift_card_recipient": false,
            "style": "show_quantity",
            "hide_pickup_availability": false,
            "button_radius": "3px",
            "use_main_button": true,
            "top_spacing": 1,
            "mobile_top_spacing": 1
          }
        },
        "payment_methods_NfEiCU": {
          "type": "payment_methods",
          "settings": {
            "black_and_white": true,
            "icon_width": 38,
            "top_spacing": 2,
            "mobile_top_spacing": 1
          }
        },
        "second_container_FE4QCE": {
          "type": "second_container",
          "settings": {
            "heading": "",
            "heading_style": "subheading-font",
            "uppercase": true,
            "bolder_font": false,
            "top_spacing": 1,
            "mobile_top_spacing": 1
          }
        },
        "text_9CJAmC": {
          "type": "text",
          "disabled": true,
          "settings": {
            "text": "<h5>Description</h5>",
            "richtext_heading_style": "page-title",
            "text_style": "body-font",
            "color_scheme": "background-1",
            "top_spacing": 3,
            "mobile_top_spacing": 1
          }
        },
        "icons_with_text_caHVxC": {
          "type": "icons_with_text",
          "settings": {
            "style": "vertical",
            "show_horizontal_lines": false,
            "heading": "",
            "heading_style": "subheading-font",
            "heading_uppercase": false,
            "heading_bolder_font": false,
            "title_style": "subheading-font",
            "title_uppercase": false,
            "title_bolder_font": false,
            "text_style": "body-font",
            "text_uppercase": false,
            "text_bolder_font": false,
            "rte_heading_style": "secondary-heading",
            "icon_or_image_size": 24,
            "fill_container": false,
            "image_radius": "default",
            "icon_1": "glyphs/signs/transit",
            "color_1": "#50a16f",
            "mobile_color_1": "#000000",
            "title_1": "Free shipping over $50",
            "text_1": "",
            "page_1": "",
            "page_content_in_popup_1": true,
            "popup_style_1": "popover",
            "popup_width_1": "regular",
            "icon_2": "glyphs/signs/protect",
            "color_2": "#8350a1",
            "mobile_color_2": "#000000",
            "title_2": "Secure Checkout",
            "text_2": "",
            "page_2": "",
            "page_content_in_popup_2": true,
            "popup_style_2": "popover",
            "popup_width_2": "regular",
            "icon_3": "glyphs/interface/restart",
            "color_3": "#5067a1",
            "mobile_color_3": "#000000",
            "title_3": "Hassle-Free Returns",
            "text_3": "",
            "page_3": "",
            "page_content_in_popup_3": true,
            "popup_style_3": "popover",
            "popup_width_3": "regular",
            "icon_4": "",
            "color_4": "#000000",
            "mobile_color_4": "#000000",
            "title_4": "",
            "text_4": "",
            "page_4": "",
            "page_content_in_popup_4": true,
            "popup_style_4": "popover",
            "popup_width_4": "regular",
            "title_5": "",
            "icon_5": "",
            "color_5": "#000000",
            "mobile_color_5": "#000000",
            "text_5": "",
            "page_5": "",
            "page_content_in_popup_5": true,
            "popup_style_5": "popover",
            "popup_width_5": "regular",
            "icon_6": "",
            "color_6": "#000000",
            "mobile_color_6": "#000000",
            "title_6": "",
            "text_6": "",
            "page_6": "",
            "page_content_in_popup_6": true,
            "popup_style_6": "popover",
            "popup_width_6": "regular",
            "top_spacing": 2,
            "mobile_top_spacing": 1
          }
        },
        "tabs_HMziG6": {
          "type": "tabs",
          "settings": {
            "text_uppercase": false,
            "text_bolder_font": false,
            "text_style": "body-font",
            "page_style": "body-font",
            "custom_heading_1": "Description",
            "custom_heading_2": "Second tab",
            "text_2": "<p>Add an optional description to a promotion, product, or collection.</p>",
            "page_2": "",
            "custom_heading_3": "",
            "text_3": "",
            "page_3": "",
            "custom_heading_4": "",
            "text_4": "",
            "page_4": "",
            "custom_heading_5": "",
            "text_5": "",
            "page_5": "",
            "top_spacing": 2,
            "mobile_top_spacing": 1
          }
        },
        "ask_question_NxtQXa": {
          "type": "ask_question",
          "settings": {
            "popup_style": "popover",
            "popup_width": "regular",
            "icon": "",
            "color": "#000000",
            "mobile_color": "#000000",
            "link_text": "Ask a question",
            "link_text_style": "caption-font",
            "uppercase": true,
            "bolder_font": false,
            "heading": "Ask a question about {{ product.title }}",
            "heading_style": "section-heading",
            "show_name": true,
            "make_name_required": true,
            "name_placeholder": "",
            "email_placeholder": "",
            "show_phone": true,
            "phone_placeholder": "",
            "show_message": true,
            "message_placeholder": "",
            "enable_checkbox": false,
            "make_required": true,
            "checkbox_label": "<p>I have read and agreed to the <a href=\"/policies/privacy-policy\">Terms and Conditions</a>.</p>",
            "top_spacing": 3,
            "mobile_top_spacing": 1
          }
        },
        "text_Q4JNBz": {
          "type": "text",
          "settings": {
            "text": "<h5>Description</h5>",
            "richtext_heading_style": "section-heading",
            "text_style": "caption-font",
            "color_scheme": "background-5",
            "top_spacing": 3,
            "mobile_top_spacing": 1
          }
        },
        "complementary_products_c3r39t": {
          "type": "complementary_products",
          "settings": {
            "heading": "Pairs well with",
            "heading_style": "subheading-font",
            "uppercase": true,
            "bolder_font": false,
            "hover_behavior": "second_image_zoom",
            "card_content_style": "regular",
            "price_position": "bottom",
            "show_vendor": "image",
            "show_title": true,
            "max_product_name_characters": 100,
            "show_rating": true,
            "show_short_description": false,
            "top_spacing": 3,
            "mobile_top_spacing": 1
          }
        },
        "related_collections_G7HxXD": {
          "type": "related_collections",
          "settings": {
            "heading": "",
            "heading_style": "caption-font",
            "heading_uppercase": true,
            "heading_bolder_font": false,
            "title_style": "subheading-font",
            "title_uppercase": true,
            "title_bolder_font": false,
            "text_style": "caption-font",
            "collection_by_brand": true,
            "shop_by_brand": true,
            "shop_the_collection": true,
            "top_spacing": 3,
            "mobile_top_spacing": 1
          }
        },
        "share_ntmLxU": {
          "type": "share",
          "settings": {
            "show_only_icons": false,
            "text_style": "caption-font",
            "top_spacing": 3,
            "mobile_top_spacing": 1
          }
        }
      },
      "block_order": [
        "breadcrumbs",
        "vendor",
        "title",
        "title_with_vendor_3TMp7y",
        "price_mX3A8q",
        "linked_products_mh9CjT",
        "variant_picker",
        "inventory_status_btP6qR",
        "buy_buttons",
        "payment_methods_NfEiCU",
        "second_container_FE4QCE",
        "text_9CJAmC",
        "icons_with_text_caHVxC",
        "tabs_HMziG6",
        "ask_question_NxtQXa",
        "text_Q4JNBz",
        "complementary_products_c3r39t",
        "related_collections_G7HxXD",
        "share_ntmLxU"
      ],
      "settings": {
        "overlap": "desktop",
        "enable_sticky_content": true,
        "sticky_offset": 100,
        "media_position": "left",
        "gallery_style": "gallery",
        "gallery_size": 6,
        "grid_gap": 0,
        "organize_images": true,
        "show_media_attached_to_variant": true,
        "desktop_media_ratio": "4/5",
        "mobile_media_ratio": "4/5",
        "focal_point": "center center",
        "fit_media_inside_container": false,
        "container_inner_spacing": 1,
        "media_radius": "0px",
        "image_zoom": "lightbox",
        "enable_video_autoplay": true,
        "show_thumbnails": "on_top",
        "sticky_thumbnails": true,
        "thumbnails_width": 40,
        "thumbnails_gap": 4,
        "thumbnails_media_ratio": "auto",
        "thumbnails_focal_point": "center center",
        "thumbnails_radius": "0px",
        "show_thumbnails_on_mobile": false,
        "mobile_thumbnails_width": 80,
        "mobile_thumbnails_gap": 10,
        "mobile_thumbnails_media_ratio": "1/1",
        "mobile_thumbnails_focal_point": "center center",
        "mobile_thumbnails_radius": "0px",
        "container_paddings": 36,
        "content_layout": "only_first",
        "first_container_alignment": "flex-start",
        "first_container_padding": 0,
        "second_container_alignment": "center",
        "second_container_padding": 0,
        "top_container_on_mobile": "first",
        "enable_sticky_add_to_cart": true,
        "full_width": true,
        "grid_style": "secondary",
        "disable_max_width": false,
        "show_bottom_line": false,
        "color_scheme": "background-1",
        "gallery_color_scheme": "",
        "overlapped_header_color_scheme": "",
        "logo_style": "regular",
        "top_spacing": 0,
        "bottom_spacing": 1
      }
    },
    "product_recommendations_DxMgjn": {
      "type": "product-recommendations",
      "settings": {
        "heading": "You may also like",
        "heading_style": "section-heading",
        "heading_tag": "h2",
        "center_text": true,
        "desktop_item_width": 4.5,
        "alignment_fewer_items": "center",
        "mobile_item_min_width": 300,
        "show_arrows": true,
        "show_scrollbar": true,
        "hover_behavior": "second_image_zoom",
        "show_bullets": true,
        "autoplay_speed": 2,
        "desktop_options": "enable",
        "mobile_options": "enable",
        "card_content_style": "regular",
        "quick_buy": "enable",
        "price_position": "bottom",
        "options_position": "bottom",
        "show_vendor": "image",
        "show_title": true,
        "max_product_name_characters": 100,
        "show_rating": true,
        "show_short_description": true,
        "show_product_card_border": false,
        "full_width": true,
        "grid_style": "secondary",
        "disable_max_width": true,
        "disable_grid_gaps": false,
        "show_bottom_line": false,
        "color_scheme": "",
        "product_card_color_scheme": "background-1",
        "section_framing": "disable",
        "top_spacing": 1,
        "bottom_spacing": 1
      }
    },
    "recently_viewed_products_V8yePi": {
      "type": "recently-viewed-products",
      "settings": {
        "heading": "Recently viewed",
        "heading_style": "section-heading",
        "heading_tag": "h2",
        "center_text": true,
        "desktop_item_width": 6.5,
        "alignment_fewer_items": "left",
        "mobile_item_min_width": 250,
        "show_arrows": true,
        "show_scrollbar": true,
        "hover_behavior": "image_zoom",
        "show_bullets": true,
        "autoplay_speed": 2,
        "desktop_options": "enable",
        "mobile_options": "enable",
        "card_content_style": "regular",
        "quick_buy": "enable",
        "price_position": "bottom",
        "options_position": "bottom",
        "show_vendor": "text",
        "show_title": true,
        "max_product_name_characters": 100,
        "show_rating": true,
        "show_short_description": true,
        "show_product_card_border": false,
        "full_width": true,
        "grid_style": "secondary",
        "disable_max_width": true,
        "disable_grid_gaps": false,
        "show_bottom_line": false,
        "color_scheme": "",
        "product_card_color_scheme": "",
        "section_framing": "disable",
        "top_spacing": 1,
        "bottom_spacing": 1
      }
    }
  },
  "order": [
    "main-product",
    "product_recommendations_DxMgjn",
    "recently_viewed_products_V8yePi"
  ]
}
