{
  "sections": {
    "quick-view": {
      "type": "quick-view",
      "blocks": {
        "vendor": {
          "type": "vendor",
          "settings": {
            "show_vendor": "image",
            "vendor_image_height": 28,
            "text_style": "body-font",
            "uppercase": false,
            "bolder_font": false,
            "top_spacing": 1,
            "mobile_top_spacing": 1
          }
        },
        "title_with_price": {
          "type": "title_with_price",
          "settings": {
            "heading_style": "section-heading",
            "heading_tag": "h1",
            "uppercase": false,
            "bolder_font": false,
            "price_style": "section-heading",
            "price_bolder_font": false,
            "text_style": "body-font",
            "show_price": true,
            "show_badges": true,
            "hide_shipping_note": false,
            "top_spacing": 1,
            "mobile_top_spacing": 1
          },
          "disabled": true
        },
        "title_with_vendor": {
          "type": "title_with_vendor",
          "settings": {
            "heading_style": "section-heading",
            "heading_tag": "h1",
            "uppercase": false,
            "bolder_font": false,
            "show_vendor": "image",
            "vendor_image_height": 40,
            "text_style": "body-font",
            "vendor_uppercase": false,
            "vendor_bolder_font": false,
            "top_spacing": 1,
            "mobile_top_spacing": 1
          },
          "disabled": true
        },
        "title": {
          "type": "title",
          "settings": {
            "heading_style": "section-heading",
            "heading_tag": "h2",
            "uppercase": false,
            "bolder_font": false,
            "top_spacing": 1,
            "mobile_top_spacing": 1
          }
        },
        "price_YaeqyC": {
          "type": "price",
          "settings": {
            "price_style": "secondary-heading",
            "price_bolder_font": false,
            "text_style": "caption-font",
            "show_price": true,
            "compare_at_price_color": "sale",
            "show_badges": true,
            "hide_shipping_note": false,
            "top_spacing": 0.5,
            "mobile_top_spacing": 1
          }
        },
        "linked_products_kAT7Wz": {
          "type": "linked_products",
          "settings": {
            "heading": "",
            "uppercase": false,
            "bolder_font": false,
            "heading_style": "subheading-font",
            "top_spacing": 1,
            "mobile_top_spacing": 1
          }
        },
        "variant_picker_TmkK4J": {
          "type": "variant_picker",
          "settings": {
            "label_style": "body-font",
            "label_uppercase": false,
            "label_bolder_font": false,
            "text_style": "body-font",
            "text_uppercase": false,
            "text_bolder_font": false,
            "variant_size_label": "Size",
            "show_ruler": true,
            "variant_size_text": "",
            "variant_size_text_style": "body-font",
            "variant_size_page": "",
            "rte_heading_style": "section-heading",
            "popup_width": "wide",
            "top_spacing": 1,
            "mobile_top_spacing": 1
          }
        },
        "buy_buttons_wRdkjC": {
          "type": "buy_buttons",
          "settings": {
            "show_dynamic_checkout": true,
            "show_gift_card_recipient": false,
            "style": "show_quantity",
            "hide_pickup_availability": false,
            "button_radius": "3px",
            "use_main_button": true,
            "top_spacing": 1,
            "mobile_top_spacing": 1
          }
        },
        "more_details_6j8xhY": {
          "type": "more_details",
          "settings": {
            "button_label": "More details",
            "button_icon": "",
            "swap_button_icon": false,
            "text_style": "secondary-heading",
            "uppercase": false,
            "bolder_font": false,
            "top_spacing": 3,
            "mobile_top_spacing": 2
          }
        },
        "complementary_products_aFtYHE": {
          "type": "complementary_products",
          "settings": {
            "heading": "Pairs well with",
            "heading_style": "subheading-font",
            "uppercase": true,
            "bolder_font": false,
            "hover_behavior": "image_zoom",
            "card_content_style": "regular",
            "price_position": "bottom",
            "show_vendor": "text",
            "show_title": true,
            "max_product_name_characters": 100,
            "show_rating": true,
            "show_short_description": false,
            "top_spacing": 3,
            "mobile_top_spacing": 2
          }
        }
      },
      "block_order": [
        "vendor",
        "title_with_price",
        "title_with_vendor",
        "title",
        "price_YaeqyC",
        "linked_products_kAT7Wz",
        "variant_picker_TmkK4J",
        "buy_buttons_wRdkjC",
        "more_details_6j8xhY",
        "complementary_products_aFtYHE"
      ],
      "settings": {
        "media_position": "left",
        "organize_images": true,
        "show_media_attached_to_variant": true,
        "desktop_media_ratio": "4/5",
        "mobile_media_ratio": "4/5",
        "focal_point": "center center",
        "fit_media_inside_container": false,
        "container_inner_spacing": 10,
        "media_radius": "0px",
        "enable_video_autoplay": true,
        "show_thumbnails": "left",
        "thumbnails_width": 40,
        "thumbnails_gap": 4,
        "thumbnails_media_ratio": "auto",
        "thumbnails_focal_point": "center center",
        "thumbnails_radius": "0px",
        "container_paddings": 10,
        "grid_style": "page",
        "disable_max_width": false,
        "show_bottom_line": false,
        "color_scheme": "",
        "top_spacing": 1,
        "bottom_spacing": 1
      }
    }
  },
  "order": [
    "quick-view"
  ]
}
