{"current":{"heading_font_main":"lato_n7","heading_font_secondary":"lato_n4","heading_base_size":40,"body_font":"lato_n4","body_base_size":14,"mobile_body_font_scale":90,"body_line_height":1.6,"body_letter_spacing":-10,"font_page_titles":"main","uppercase_page_titles":false,"page_titles_line_height":1.1,"page_titles_desktop_scale":150,"page_titles_mobile_scale":90,"page_titles_letter_spacing":-30,"font_section_headings":"secondary","uppercase_section_headings":false,"section_headings_line_height":1.3,"section_headings_desktop_scale":80,"section_headings_mobile_scale":50,"section_headings_letter_spacing":-10,"font_secondary_headings":"main","uppercase_secondary_headings":false,"secondary_headings_line_height":1.4,"secondary_headings_desktop_scale":45,"secondary_headings_mobile_scale":40,"secondary_headings_letter_spacing":-30,"subheadings_desktop_scale":90,"subheadings_mobile_scale":90,"subheadings_letter_spacing":35,"uppercase_subheadings":true,"use_heading_font_subheadings":false,"font_subheadings_headings":"main","bolder_subheadings_font":false,"caption_desktop_scale":85,"caption_mobile_scale":80,"main_button_desktop_scale":115,"main_button_mobile_scale":110,"uppercase_main_buttons":true,"use_heading_font_main_buttons":true,"font_heading_main_buttons":"main","bolder_main_buttons_font":false,"uppercase_secondary_buttons":false,"use_heading_font_secondary_buttons":false,"font_heading_secondary_buttons":"secondary","bolder_secondary_buttons_font":false,"rte_paragraph_spacing":0.8,"underline_offset_body":0.3,"underline_thickness_heading":1,"left_and_right_margins":24,"spacing_between_sections":48,"full_width_page_grid":true,"page_column_gap":48,"page_row_gap":40,"second_grid_width":1360,"second_grid_column_gap":4,"second_grid_row_gap":4,"alt_grid_width":1040,"alt_grid_column_gap":24,"alt_grid_row_gap":24,"border_thickness":"1px","line_thickness":1,"buttons_radius":"16px","fields_and_dropdowns_radius":"12px","images_and_sections_radius":"0px","card_images_radius":"0px","drawers_popups_radius":"12px","shadow_opacity":0,"vertical_offset":2,"shadow_blur":2,"main_vertical_padding":"12px","burger_icon":"classic","icon_size":"1","show_label":true,"show_selected_option":true,"hide_option_with_one_variant":false,"variant_pills_label":"Size","variant_color_swatches_label":"Color","variant_swatches_image_ratio":"3\/2","variant_swatches_radius":"3px","variant_thumbnail_swatches_label":"","variant_thumbnail_size":80,"variant_thumbnail_size_mobile":80,"variant_thumbnail_image_ratio":"4\/5","variant_thumbnail_radius":"3px","variant_input_size":"small","variant_two_columns":"Size","variant_row":"Color,","linked_product_size":36,"linked_product_size_mobile":46,"linked_products_image_ratio":"2\/3","linked_products_image_radius":"3px","swatch_config":"","show_selected_variant_value":false,"product_card_pills":"both","show_media_attached_to_variant":false,"product_media_ratio":"4\/5","fit_product_media":false,"product_card_inner_spacing":5,"center_product_card_content":false,"product_titles_style":"body-font","product_titles_uppercase":false,"bolder_product_titles":false,"product_price_style":"subheading-font","bolder_product_price":false,"use_accent_color_for_price":false,"center_small_product_card_content":false,"small_product_titles_style":"caption-font","small_product_titles_uppercase":true,"small_bolder_product_titles":false,"small_product_price_style":"caption-font","small_bolder_product_price":false,"small_use_accent_color_for_price":false,"collection_card_style":"overlay","collection_media_ratio":"4\/5","center_collection_card_content":false,"show_number_of_products":false,"show_arrow":false,"pills_label":"Availability","color_swatches_label":"Color","swatches_radius":"2000px","thumbnail_swatches_label":"","thumbnail_size":64,"input_size":"small","filter_two_columns":"Availability, Brand, Tags, Size","filter_row":"Color","cart_name":"cart","enable_cart_drawer":true,"action_after_adding_to_cart":"drawer","enable_checkbox":false,"max_product_name_characters":10000,"inventory_notice":"low","low_inventory":88,"free_shipping_cart_page":true,"free_shipping_cart_drawer":true,"free_shipping_amount":100,"drawer_color_scheme":"background-1","overlay_scheme_color":"bg","overlay_opacity":0,"overlay_bg_blur":20,"modal_enable_shadow":true,"modal_shadow_opacity":15,"modal_shadow_blur":15,"modal_border":false,"show_lines_popovers":false,"enable_quick_search":true,"search_grid_style":"secondary","search_disable_max_width":true,"search_results_desktop_columns":"4","search_results_mobile_columns":"2","product_results_show_price":true,"show_product_card_border":false,"collection_overlay_opacity":30,"show_collection_card_border":false,"collection_card_color_scheme":"background-2","view_all_button_icon":"","popular_searches_menu":"top-level-category","popular_searches_menu_title":true,"popular_searches_link_style":"body-font","popular_searches_link_uppercase":false,"search_center_banner_content":false,"search_vertical_content_position":"end","search_banner_media_ratio":"2\/3","search_banner_size":100,"search_banner_overlay_opacity":30,"search_banner_subheading_style":"subheading-font","search_banner_subheading_1":"","search_banner_heading_1":"","search_banner_link_1":"","search_banner_subheading_2":"","search_banner_heading_2":"","search_banner_link_2":"","search_banner_subheading_3":"","search_banner_heading_3":"","search_banner_link_3":"","search_banner_subheading_4":"","search_banner_heading_4":"","search_banner_link_4":"","search_color_scheme":"background-1","search_banner_color_scheme":"background-2","sale_background":"#dd2c2c","preorder_text_color":"#000000","preorder_background":"#ff8622","badge_name_1":"New","badge_background_1":"#000000","currency_code_enabled":false,"share_on_facebook":true,"share_on_x":true,"share_on_pinterest":true,"copy_link":true,"enable_breadcrumbs":true,"breadcrumbs_text_style":"caption-font","breadcrumbs_dim_path":true,"path_style":"show_top_level_category","disable_right_click":true,"disable_text_selection":false,"use_sale_color_for_new_price":true,"small_use_sale_color_for_new_price":true,"animation":"simple","overlap":"enable","underline_offset_headings":0.4,"underline_thickness":1,"make_translucent":false,"buttons_opacity":10,"buttons_blur":20,"product_card_style":"1","product_card_bolder_accent":"disable","variant_size_label":"Size","variant_size_page":"","collection_card_enable_shadow":false,"collection_card_shadow_blur":20,"vertical_padding":"12px","sections":{"main-gift-card":{"type":"main-gift-card","settings":{"logo_image_width":100,"color_scheme":"","top_spacing":1,"bottom_spacing":1}}},"content_for_index":[],"color_schemes":{"background-1":{"settings":{"layout_background_color":"#ffffff","layout_background_gradient":"","layout_text_color":"#000000","layout_link_color":"#dd2c2c","layout_accent_color":"#dd2c2c","layout_highlighted_background":"#dd2c2c","overlay_color":"#ffffff","overlay_gradient":"","button_background_color":"#000000","button_label_color":"#ffffff","button_hover_color":"#4b4b4b","popover_background_color":"#ffffff","popover_text_color":"#000000","shadow_color":"#000000","lines_color":"#d7d7d7","rating_color":"#000000","sale_color":"#971400","error_color":"#ff000e","success_color":"#008669","in_stock_color":"#008669","low_inventory_color":"#b65a00","sold_out_color":"#dd2c2c","pickup_available_text":"#5ba614","pickup_available_icon":"#5ba614","pickup_out_of_stock_text":"#7c7c7c","pickup_out_of_stock_icon":"#7c7c7c"}},"background-2":{"settings":{"layout_background_color":"#000000","layout_background_gradient":"","layout_text_color":"#ffffff","layout_link_color":"#b6b6b6","layout_accent_color":"#e7f534","layout_highlighted_background":"#000000","overlay_color":"#000000","overlay_gradient":"linear-gradient(40deg, rgba(0, 0, 0, 1) 15%, rgba(0, 0, 0, 0) 85%)","button_background_color":"#ffffff","button_label_color":"#000000","button_hover_color":"#e9e9e9","popover_background_color":"#ffffff","popover_text_color":"#000000","shadow_color":"#000000","lines_color":"#b3b3b3","rating_color":"#fffb00","sale_color":"#971400","error_color":"#ff000e","success_color":"#088b6f","in_stock_color":"#088b6f","low_inventory_color":"#8d4400","sold_out_color":"#da1e28","pickup_available_text":"#5ba614","pickup_available_icon":"#5ba614","pickup_out_of_stock_text":"#7c7c7c","pickup_out_of_stock_icon":"#7c7c7c"}},"background-3":{"settings":{"layout_background_color":"#30634a","layout_background_gradient":"","layout_text_color":"#ffffff","layout_link_color":"#dd1d1d","layout_accent_color":"#f1ee3c","layout_highlighted_background":"#ffff00","overlay_color":"#000000","overlay_gradient":"","button_background_color":"#000000","button_label_color":"#ffffff","button_hover_color":"#414141","popover_background_color":"#ffffff","popover_text_color":"#000000","shadow_color":"#000000","lines_color":"#e1e1e1","rating_color":"#000000","sale_color":"#971400","error_color":"#ff000e","success_color":"#088b6f","in_stock_color":"#088b6f","low_inventory_color":"#8d4400","sold_out_color":"#da1e28","pickup_available_text":"#5ba614","pickup_available_icon":"#5ba614","pickup_out_of_stock_text":"#7c7c7c","pickup_out_of_stock_icon":"#7c7c7c"}},"background-4":{"settings":{"layout_background_color":"#d92d2d","layout_background_gradient":"","layout_text_color":"#ffffff","layout_link_color":"#ffffff","layout_accent_color":"#e3ff5b","layout_highlighted_background":"#ffff00","overlay_color":"#000000","overlay_gradient":"","button_background_color":"#ffffff","button_label_color":"#dd1d1d","button_hover_color":"#ffd9d9","popover_background_color":"#ffffff","popover_text_color":"#000000","shadow_color":"#000000","lines_color":"#e1e1e1","rating_color":"#000000","sale_color":"#971400","error_color":"#ff000e","success_color":"#088b6f","in_stock_color":"#088b6f","low_inventory_color":"#8d4400","sold_out_color":"#da1e28","pickup_available_text":"#5ba614","pickup_available_icon":"#5ba614","pickup_out_of_stock_text":"#7c7c7c","pickup_out_of_stock_icon":"#7c7c7c"}},"background-5":{"settings":{"layout_background_color":"#f2f2f2","layout_background_gradient":"","layout_text_color":"#000000","layout_link_color":"#dd1d1d","layout_accent_color":"#367147","layout_highlighted_background":"#ffff00","overlay_color":"#000000","overlay_gradient":"","button_background_color":"#000000","button_label_color":"#ffffff","button_hover_color":"#414141","popover_background_color":"#ffffff","popover_text_color":"#000000","shadow_color":"#000000","lines_color":"#d9d9d9","rating_color":"#000000","sale_color":"#971400","error_color":"#ff000e","success_color":"#088b6f","in_stock_color":"#088b6f","low_inventory_color":"#8d4400","sold_out_color":"#da1e28","pickup_available_text":"#5ba614","pickup_available_icon":"#5ba614","pickup_out_of_stock_text":"#7c7c7c","pickup_out_of_stock_icon":"#7c7c7c"}},"background-6":{"settings":{"layout_background_color":"#870e16","layout_background_gradient":"","layout_text_color":"#ffffff","layout_link_color":"#dd1d1d","layout_accent_color":"#367147","layout_highlighted_background":"#ffff00","overlay_color":"#b9232c","overlay_gradient":"","button_background_color":"#ffd9d9","button_label_color":"#d92d2d","button_hover_color":"#ffdede","popover_background_color":"#ffffff","popover_text_color":"#000000","shadow_color":"#000000","lines_color":"#e1e1e1","rating_color":"#000000","sale_color":"#971400","error_color":"#ff000e","success_color":"#088b6f","in_stock_color":"#088b6f","low_inventory_color":"#8d4400","sold_out_color":"#da1e28","pickup_available_text":"#5ba614","pickup_available_icon":"#5ba614","pickup_out_of_stock_text":"#7c7c7c","pickup_out_of_stock_icon":"#7c7c7c"}},"background-7":{"settings":{"layout_background_color":"#55b5e2","layout_background_gradient":"","layout_text_color":"#ffffff","layout_link_color":"#dd1d1d","layout_accent_color":"#367147","layout_highlighted_background":"#ffff00","overlay_color":"#000000","overlay_gradient":"","button_background_color":"#000000","button_label_color":"#ffffff","button_hover_color":"#414141","popover_background_color":"#ffffff","popover_text_color":"#000000","shadow_color":"#000000","lines_color":"#e1e1e1","rating_color":"#000000","sale_color":"#971400","error_color":"#ff000e","success_color":"#088b6f","in_stock_color":"#088b6f","low_inventory_color":"#8d4400","sold_out_color":"#da1e28","pickup_available_text":"#5ba614","pickup_available_icon":"#5ba614","pickup_out_of_stock_text":"#7c7c7c","pickup_out_of_stock_icon":"#7c7c7c"}},"background-8":{"settings":{"layout_background_color":"#f2e6e8","layout_background_gradient":"linear-gradient(180deg, rgba(242, 230, 232, 1) 2%, rgba(242, 230, 232, 0) 100%)","layout_text_color":"#000000","layout_link_color":"#dd1d1d","layout_accent_color":"#d92d2d","layout_highlighted_background":"#ffff00","overlay_color":"#ffffff","overlay_gradient":"linear-gradient(180deg, rgba(255, 255, 255, 1), rgba(255, 255, 255, 0) 100%)","button_background_color":"#000000","button_label_color":"#ffffff","button_hover_color":"#414141","popover_background_color":"#ffffff","popover_text_color":"#000000","shadow_color":"#000000","lines_color":"#d7d7d7","rating_color":"#000000","sale_color":"#971400","error_color":"#ff000e","success_color":"#088b6f","in_stock_color":"#088b6f","low_inventory_color":"#8d4400","sold_out_color":"#da1e28","pickup_available_text":"#5ba614","pickup_available_icon":"#5ba614","pickup_out_of_stock_text":"#7c7c7c","pickup_out_of_stock_icon":"#7c7c7c"}},"background-9":{"settings":{"layout_background_color":"#edede5","layout_background_gradient":"linear-gradient(180deg, rgba(237, 237, 229, 1) 2%, rgba(237, 237, 229, 0) 100%)","layout_text_color":"#000000","layout_link_color":"#dd1d1d","layout_accent_color":"#d92d2d","layout_highlighted_background":"#ffff00","overlay_color":"#ffffff","overlay_gradient":"","button_background_color":"#000000","button_label_color":"#ffffff","button_hover_color":"#414141","popover_background_color":"#ffffff","popover_text_color":"#000000","shadow_color":"#000000","lines_color":"#d7d7d7","rating_color":"#000000","sale_color":"#971400","error_color":"#ff000e","success_color":"#088b6f","in_stock_color":"#088b6f","low_inventory_color":"#8d4400","sold_out_color":"#da1e28","pickup_available_text":"#5ba614","pickup_available_icon":"#5ba614","pickup_out_of_stock_text":"#7c7c7c","pickup_out_of_stock_icon":"#7c7c7c"}},"background-10":{"settings":{"layout_background_color":"#fef665","layout_background_gradient":"","layout_text_color":"#000000","layout_link_color":"#dd1d1d","layout_accent_color":"#dd2c2c","layout_highlighted_background":"#ffff00","overlay_color":"#ffe33d","overlay_gradient":"","button_background_color":"#000000","button_label_color":"#ffffff","button_hover_color":"#414141","popover_background_color":"#ffffff","popover_text_color":"#000000","shadow_color":"#000000","lines_color":"#d7d7d7","rating_color":"#000000","sale_color":"#971400","error_color":"#ff000e","success_color":"#088b6f","in_stock_color":"#088b6f","low_inventory_color":"#8d4400","sold_out_color":"#da1e28","pickup_available_text":"#5ba614","pickup_available_icon":"#5ba614","pickup_out_of_stock_text":"#7c7c7c","pickup_out_of_stock_icon":"#7c7c7c"}},"scheme-5c4f50c3-637f-49d8-94f0-a258e73d6f93":{"settings":{"layout_background_color":"#ffffff","layout_background_gradient":"","layout_text_color":"#ffffff","layout_link_color":"#000000","layout_accent_color":"#000000","layout_highlighted_background":"#000000","overlay_color":"#ffffff","overlay_gradient":"","button_background_color":"#000000","button_label_color":"#ffffff","button_hover_color":"#4b4b4b","popover_background_color":"#ffffff","popover_text_color":"#000000","shadow_color":"#000000","lines_color":"#d7d7d7","rating_color":"#000000","sale_color":"#971400","error_color":"#ff000e","success_color":"#008669","in_stock_color":"#008669","low_inventory_color":"#b65a00","sold_out_color":"#dd2c2c","pickup_available_text":"#5ba614","pickup_available_icon":"#5ba614","pickup_out_of_stock_text":"#7c7c7c","pickup_out_of_stock_icon":"#7c7c7c"}}}},"presets":{"Volume":{"heading_font_main":"instrument_serif_n4","heading_font_secondary":"instrument_serif_i4","heading_base_size":40,"body_font":"jost_n4","body_base_size":14,"mobile_body_font_scale":90,"body_line_height":1.6,"body_letter_spacing":-10,"font_page_titles":"main","uppercase_page_titles":false,"page_titles_line_height":1.1,"page_titles_desktop_scale":150,"page_titles_mobile_scale":90,"page_titles_letter_spacing":-30,"font_section_headings":"secondary","uppercase_section_headings":false,"section_headings_line_height":1.3,"section_headings_desktop_scale":80,"section_headings_mobile_scale":50,"section_headings_letter_spacing":-10,"font_secondary_headings":"main","uppercase_secondary_headings":false,"secondary_headings_line_height":1.4,"secondary_headings_desktop_scale":45,"secondary_headings_mobile_scale":40,"secondary_headings_letter_spacing":-30,"subheadings_desktop_scale":90,"subheadings_mobile_scale":90,"subheadings_letter_spacing":35,"uppercase_subheadings":true,"use_heading_font_subheadings":false,"font_subheadings_headings":"main","bolder_subheadings_font":false,"caption_desktop_scale":85,"caption_mobile_scale":80,"main_button_desktop_scale":115,"main_button_mobile_scale":110,"uppercase_main_buttons":true,"use_heading_font_main_buttons":true,"font_heading_main_buttons":"main","bolder_main_buttons_font":false,"uppercase_secondary_buttons":false,"use_heading_font_secondary_buttons":false,"font_heading_secondary_buttons":"secondary","bolder_secondary_buttons_font":false,"rte_paragraph_spacing":0.8,"underline_offset_body":0.3,"underline_thickness_heading":1,"left_and_right_margins":24,"spacing_between_sections":48,"full_width_page_grid":true,"page_column_gap":48,"page_row_gap":40,"second_grid_width":1360,"second_grid_column_gap":4,"second_grid_row_gap":4,"alt_grid_width":1040,"alt_grid_column_gap":24,"alt_grid_row_gap":24,"border_thickness":"1px","line_thickness":1,"buttons_radius":"16px","fields_and_dropdowns_radius":"12px","images_and_sections_radius":"0px","card_images_radius":"0px","drawers_popups_radius":"12px","shadow_opacity":0,"vertical_offset":2,"shadow_blur":2,"main_vertical_padding":"12px","burger_icon":"two_stripes","icon_size":"1","show_label":true,"show_selected_option":true,"hide_option_with_one_variant":false,"variant_pills_label":"Size","variant_color_swatches_label":"Color","variant_swatches_image_ratio":"3\/2","variant_swatches_radius":"3px","variant_thumbnail_swatches_label":"","variant_thumbnail_size":80,"variant_thumbnail_size_mobile":80,"variant_thumbnail_image_ratio":"4\/5","variant_thumbnail_radius":"3px","variant_input_size":"small","variant_two_columns":"Size","variant_row":"Color,","linked_product_size":36,"linked_product_size_mobile":46,"linked_products_image_ratio":"2\/3","linked_products_image_radius":"3px","swatch_config":"","show_selected_variant_value":false,"show_media_attached_to_variant":false,"product_media_ratio":"4\/5","fit_product_media":false,"product_card_inner_spacing":5,"center_product_card_content":false,"product_titles_style":"body-font","product_titles_uppercase":false,"bolder_product_titles":false,"product_price_style":"subheading-font","bolder_product_price":false,"use_accent_color_for_price":false,"use_sale_color_for_new_price":true,"center_small_product_card_content":false,"small_product_titles_style":"caption-font","small_product_titles_uppercase":true,"small_bolder_product_titles":false,"small_product_price_style":"caption-font","small_bolder_product_price":false,"small_use_accent_color_for_price":false,"small_use_sale_color_for_new_price":true,"product_card_pills":"both","collection_card_style":"overlay","collection_media_ratio":"4\/5","center_collection_card_content":false,"show_number_of_products":false,"show_arrow":false,"pills_label":"Availability","color_swatches_label":"Color","swatches_radius":"2000px","thumbnail_swatches_label":"","thumbnail_size":64,"input_size":"small","filter_two_columns":"Availability, Brand, Tags, Size","filter_row":"Color","cart_name":"bag","enable_cart_drawer":true,"action_after_adding_to_cart":"drawer","enable_checkbox":false,"max_product_name_characters":10000,"inventory_notice":"low","low_inventory":88,"free_shipping_cart_page":true,"free_shipping_cart_drawer":true,"free_shipping_amount":100,"drawer_color_scheme":"background-1","overlay_scheme_color":"bg","overlay_opacity":0,"overlay_bg_blur":20,"modal_enable_shadow":true,"modal_shadow_opacity":15,"modal_shadow_blur":15,"modal_border":false,"show_lines_popovers":false,"enable_quick_search":true,"search_grid_style":"secondary","search_disable_max_width":true,"search_results_desktop_columns":"4","search_results_mobile_columns":"2","product_results_show_price":true,"show_product_card_border":false,"collection_overlay_opacity":30,"show_collection_card_border":false,"collection_card_color_scheme":"background-2","view_all_button_icon":"","popular_searches_menu":"main-menu","popular_searches_menu_title":false,"popular_searches_link_style":"body-font","popular_searches_link_uppercase":false,"search_center_banner_content":false,"search_vertical_content_position":"end","search_banner_media_ratio":"2\/3","search_banner_size":100,"search_banner_overlay_opacity":30,"search_banner_subheading_style":"subheading-font","search_banner_subheading_1":"","search_banner_heading_1":"","search_banner_link_1":"","search_banner_subheading_2":"","search_banner_heading_2":"","search_banner_link_2":"","search_banner_subheading_3":"","search_banner_heading_3":"","search_banner_link_3":"","search_banner_subheading_4":"","search_banner_heading_4":"","search_banner_link_4":"","search_color_scheme":"background-1","search_banner_color_scheme":"background-2","sale_background":"#dd2c2c","preorder_text_color":"#000000","preorder_background":"#ff8622","badge_name_1":"New","badge_background_1":"#000000","currency_code_enabled":false,"share_on_facebook":true,"share_on_x":true,"share_on_pinterest":true,"copy_link":true,"enable_breadcrumbs":true,"breadcrumbs_text_style":"caption-font","breadcrumbs_dim_path":true,"path_style":"show_top_level_category","disable_text_selection":false,"animation":"simple","overlap":"enable","underline_offset_headings":0.4,"underline_thickness":1,"make_translucent":false,"buttons_opacity":10,"buttons_blur":20,"product_card_style":"1","product_card_bolder_accent":"disable","variant_size_label":"Size","variant_size_page":"","collection_card_enable_shadow":false,"collection_card_shadow_blur":20,"vertical_padding":"12px","sections":{"main-gift-card":{"type":"main-gift-card","settings":{"logo_image_width":100,"color_scheme":"","top_spacing":1,"bottom_spacing":1}}},"color_schemes":{"background-1":{"settings":{"layout_background_color":"#ffffff","layout_background_gradient":"","layout_text_color":"#000000","layout_link_color":"#dd2c2c","layout_accent_color":"#dd2c2c","layout_highlighted_background":"#fef665","overlay_color":"#ffffff","overlay_gradient":"","button_background_color":"#000000","button_label_color":"#ffffff","button_hover_color":"#4b4b4b","popover_background_color":"#ffffff","popover_text_color":"#000000","shadow_color":"#000000","lines_color":"#d7d7d7","rating_color":"#000000","sale_color":"#971400","error_color":"#ff000e","success_color":"#008669","in_stock_color":"#008669","low_inventory_color":"#b65a00","sold_out_color":"#dd2c2c","pickup_available_text":"#5ba614","pickup_available_icon":"#5ba614","pickup_out_of_stock_text":"#7c7c7c","pickup_out_of_stock_icon":"#7c7c7c"}},"background-2":{"settings":{"layout_background_color":"#000000","layout_background_gradient":"","layout_text_color":"#ffffff","layout_link_color":"#b6b6b6","layout_accent_color":"#e7f534","layout_highlighted_background":"#000000","overlay_color":"#000000","overlay_gradient":"linear-gradient(40deg, rgba(0, 0, 0, 1) 15%, rgba(0, 0, 0, 0) 85%)","button_background_color":"#ffffff","button_label_color":"#000000","button_hover_color":"#e9e9e9","popover_background_color":"#ffffff","popover_text_color":"#000000","shadow_color":"#000000","lines_color":"#b3b3b3","rating_color":"#fffb00","sale_color":"#971400","error_color":"#ff000e","success_color":"#088b6f","in_stock_color":"#088b6f","low_inventory_color":"#8d4400","sold_out_color":"#da1e28","pickup_available_text":"#5ba614","pickup_available_icon":"#5ba614","pickup_out_of_stock_text":"#7c7c7c","pickup_out_of_stock_icon":"#7c7c7c"}},"background-3":{"settings":{"layout_background_color":"#30634a","layout_background_gradient":"","layout_text_color":"#ffffff","layout_link_color":"#dd1d1d","layout_accent_color":"#f1ee3c","layout_highlighted_background":"#ffff00","overlay_color":"#000000","overlay_gradient":"","button_background_color":"#000000","button_label_color":"#ffffff","button_hover_color":"#414141","popover_background_color":"#ffffff","popover_text_color":"#000000","shadow_color":"#000000","lines_color":"#e1e1e1","rating_color":"#000000","sale_color":"#971400","error_color":"#ff000e","success_color":"#088b6f","in_stock_color":"#088b6f","low_inventory_color":"#8d4400","sold_out_color":"#da1e28","pickup_available_text":"#5ba614","pickup_available_icon":"#5ba614","pickup_out_of_stock_text":"#7c7c7c","pickup_out_of_stock_icon":"#7c7c7c"}},"background-4":{"settings":{"layout_background_color":"#d92d2d","layout_background_gradient":"","layout_text_color":"#ffffff","layout_link_color":"#ffffff","layout_accent_color":"#e3ff5b","layout_highlighted_background":"#ffff00","overlay_color":"#000000","overlay_gradient":"","button_background_color":"#ffffff","button_label_color":"#dd1d1d","button_hover_color":"#ffd9d9","popover_background_color":"#ffffff","popover_text_color":"#000000","shadow_color":"#000000","lines_color":"#e1e1e1","rating_color":"#000000","sale_color":"#971400","error_color":"#ff000e","success_color":"#088b6f","in_stock_color":"#088b6f","low_inventory_color":"#8d4400","sold_out_color":"#da1e28","pickup_available_text":"#5ba614","pickup_available_icon":"#5ba614","pickup_out_of_stock_text":"#7c7c7c","pickup_out_of_stock_icon":"#7c7c7c"}},"background-5":{"settings":{"layout_background_color":"#f2f2f2","layout_background_gradient":"","layout_text_color":"#000000","layout_link_color":"#dd1d1d","layout_accent_color":"#367147","layout_highlighted_background":"#ffff00","overlay_color":"#000000","overlay_gradient":"","button_background_color":"#000000","button_label_color":"#ffffff","button_hover_color":"#414141","popover_background_color":"#ffffff","popover_text_color":"#000000","shadow_color":"#000000","lines_color":"#d9d9d9","rating_color":"#000000","sale_color":"#971400","error_color":"#ff000e","success_color":"#088b6f","in_stock_color":"#088b6f","low_inventory_color":"#8d4400","sold_out_color":"#da1e28","pickup_available_text":"#5ba614","pickup_available_icon":"#5ba614","pickup_out_of_stock_text":"#7c7c7c","pickup_out_of_stock_icon":"#7c7c7c"}},"background-6":{"settings":{"layout_background_color":"#870e16","layout_background_gradient":"","layout_text_color":"#ffffff","layout_link_color":"#dd1d1d","layout_accent_color":"#367147","layout_highlighted_background":"#ffff00","overlay_color":"#b9232c","overlay_gradient":"","button_background_color":"#ffd9d9","button_label_color":"#d92d2d","button_hover_color":"#ffdede","popover_background_color":"#ffffff","popover_text_color":"#000000","shadow_color":"#000000","lines_color":"#e1e1e1","rating_color":"#000000","sale_color":"#971400","error_color":"#ff000e","success_color":"#088b6f","in_stock_color":"#088b6f","low_inventory_color":"#8d4400","sold_out_color":"#da1e28","pickup_available_text":"#5ba614","pickup_available_icon":"#5ba614","pickup_out_of_stock_text":"#7c7c7c","pickup_out_of_stock_icon":"#7c7c7c"}},"background-7":{"settings":{"layout_background_color":"#55b5e2","layout_background_gradient":"","layout_text_color":"#ffffff","layout_link_color":"#dd1d1d","layout_accent_color":"#367147","layout_highlighted_background":"#ffff00","overlay_color":"#000000","overlay_gradient":"","button_background_color":"#000000","button_label_color":"#ffffff","button_hover_color":"#414141","popover_background_color":"#ffffff","popover_text_color":"#000000","shadow_color":"#000000","lines_color":"#e1e1e1","rating_color":"#000000","sale_color":"#971400","error_color":"#ff000e","success_color":"#088b6f","in_stock_color":"#088b6f","low_inventory_color":"#8d4400","sold_out_color":"#da1e28","pickup_available_text":"#5ba614","pickup_available_icon":"#5ba614","pickup_out_of_stock_text":"#7c7c7c","pickup_out_of_stock_icon":"#7c7c7c"}},"background-8":{"settings":{"layout_background_color":"#f2e6e8","layout_background_gradient":"linear-gradient(180deg, rgba(242, 230, 232, 1) 2%, rgba(242, 230, 232, 0) 100%)","layout_text_color":"#000000","layout_link_color":"#dd1d1d","layout_accent_color":"#d92d2d","layout_highlighted_background":"#ffff00","overlay_color":"#ffffff","overlay_gradient":"linear-gradient(180deg, rgba(255, 255, 255, 1), rgba(255, 255, 255, 0) 100%)","button_background_color":"#000000","button_label_color":"#ffffff","button_hover_color":"#414141","popover_background_color":"#ffffff","popover_text_color":"#000000","shadow_color":"#000000","lines_color":"#d7d7d7","rating_color":"#000000","sale_color":"#971400","error_color":"#ff000e","success_color":"#088b6f","in_stock_color":"#088b6f","low_inventory_color":"#8d4400","sold_out_color":"#da1e28","pickup_available_text":"#5ba614","pickup_available_icon":"#5ba614","pickup_out_of_stock_text":"#7c7c7c","pickup_out_of_stock_icon":"#7c7c7c"}},"background-9":{"settings":{"layout_background_color":"#edede5","layout_background_gradient":"linear-gradient(180deg, rgba(237, 237, 229, 1) 2%, rgba(237, 237, 229, 0) 100%)","layout_text_color":"#000000","layout_link_color":"#dd1d1d","layout_accent_color":"#d92d2d","layout_highlighted_background":"#ffff00","overlay_color":"#ffffff","overlay_gradient":"","button_background_color":"#000000","button_label_color":"#ffffff","button_hover_color":"#414141","popover_background_color":"#ffffff","popover_text_color":"#000000","shadow_color":"#000000","lines_color":"#d7d7d7","rating_color":"#000000","sale_color":"#971400","error_color":"#ff000e","success_color":"#088b6f","in_stock_color":"#088b6f","low_inventory_color":"#8d4400","sold_out_color":"#da1e28","pickup_available_text":"#5ba614","pickup_available_icon":"#5ba614","pickup_out_of_stock_text":"#7c7c7c","pickup_out_of_stock_icon":"#7c7c7c"}},"background-10":{"settings":{"layout_background_color":"#fef665","layout_background_gradient":"","layout_text_color":"#000000","layout_link_color":"#dd1d1d","layout_accent_color":"#dd2c2c","layout_highlighted_background":"#ffff00","overlay_color":"#ffe33d","overlay_gradient":"","button_background_color":"#000000","button_label_color":"#ffffff","button_hover_color":"#414141","popover_background_color":"#ffffff","popover_text_color":"#000000","shadow_color":"#000000","lines_color":"#d7d7d7","rating_color":"#000000","sale_color":"#971400","error_color":"#ff000e","success_color":"#088b6f","in_stock_color":"#088b6f","low_inventory_color":"#8d4400","sold_out_color":"#da1e28","pickup_available_text":"#5ba614","pickup_available_icon":"#5ba614","pickup_out_of_stock_text":"#7c7c7c","pickup_out_of_stock_icon":"#7c7c7c"}}}},"Laceup":{"heading_font_main":"barlow_condensed_n5","heading_font_secondary":"barlow_n5","heading_base_size":40,"body_font":"source_sans_pro_n4","body_base_size":14,"mobile_body_font_scale":90,"body_line_height":1.8,"body_letter_spacing":-10,"font_page_titles":"main","uppercase_page_titles":true,"page_titles_line_height":1,"page_titles_desktop_scale":210,"page_titles_mobile_scale":120,"page_titles_letter_spacing":-40,"font_section_headings":"main","uppercase_section_headings":true,"section_headings_line_height":1,"section_headings_desktop_scale":150,"section_headings_mobile_scale":80,"section_headings_letter_spacing":-40,"font_secondary_headings":"secondary","uppercase_secondary_headings":true,"secondary_headings_line_height":1.4,"secondary_headings_desktop_scale":80,"secondary_headings_mobile_scale":60,"secondary_headings_letter_spacing":-20,"subheadings_desktop_scale":120,"subheadings_mobile_scale":100,"subheadings_letter_spacing":35,"uppercase_subheadings":true,"use_heading_font_subheadings":true,"font_subheadings_headings":"main","bolder_subheadings_font":false,"caption_desktop_scale":90,"caption_mobile_scale":80,"main_button_desktop_scale":120,"main_button_mobile_scale":110,"uppercase_main_buttons":true,"use_heading_font_main_buttons":true,"font_heading_main_buttons":"main","bolder_main_buttons_font":false,"uppercase_secondary_buttons":true,"use_heading_font_secondary_buttons":true,"font_heading_secondary_buttons":"secondary","bolder_secondary_buttons_font":false,"rte_paragraph_spacing":0.8,"underline_offset_body":0.3,"underline_thickness_heading":1,"left_and_right_margins":24,"spacing_between_sections":48,"full_width_page_grid":true,"page_column_gap":48,"page_row_gap":40,"second_grid_width":1360,"second_grid_column_gap":4,"second_grid_row_gap":4,"alt_grid_width":1040,"alt_grid_column_gap":24,"alt_grid_row_gap":24,"border_thickness":"1px","line_thickness":1,"buttons_radius":"0px","arrow_buttons_radius":"0px","fields_and_dropdowns_radius":"0px","images_and_sections_radius":"0px","card_images_radius":"0px","drawers_popups_radius":"0px","shadow_opacity":0,"horizontal_offset":-3,"vertical_offset":2,"shadow_blur":20,"main_vertical_padding":"12px","burger_icon":"classic","icon_size":"1","show_label":true,"show_selected_option":true,"hide_option_with_one_variant":false,"variant_pills_label":"Size","variant_color_swatches_label":"","variant_swatches_image_ratio":"3\/2","variant_swatches_radius":"3px","variant_thumbnail_swatches_label":"Color","variant_thumbnail_size":64,"variant_thumbnail_size_mobile":64,"variant_thumbnail_image_ratio":"1\/1","variant_thumbnail_radius":"0px","variant_input_size":"small","variant_two_columns":"","variant_row":"Color, Size","linked_product_size":36,"linked_product_size_mobile":46,"linked_products_image_ratio":"2\/3","linked_products_image_radius":"3px","swatch_config":"","show_selected_variant_value":false,"product_card_pills":"both","size_variant_label":"Size","show_media_attached_to_variant":false,"product_media_ratio":"4\/5","fit_product_media":false,"product_card_inner_spacing":15,"center_product_card_content":false,"product_titles_style":"subheading-font","product_titles_uppercase":true,"bolder_product_titles":false,"product_price_style":"subheading-font","bolder_product_price":false,"use_accent_color_for_price":false,"compare_at_price_color":"text-background","center_small_product_card_content":false,"small_product_titles_style":"subheading-font","small_product_titles_uppercase":true,"small_bolder_product_titles":false,"small_product_price_style":"subheading-font","small_product_price_uppercase":true,"small_bolder_product_price":false,"small_use_accent_color_for_price":false,"small_compare_at_price_color":"text-background","collection_card_style":"overlay","collection_media_ratio":"1\/1","center_collection_card_content":false,"show_number_of_products":false,"show_arrow":false,"pills_label":"Availability","color_swatches_label":"Color","swatches_radius":"2000px","thumbnail_swatches_label":"","thumbnail_size":64,"input_size":"small","filter_two_columns":"Availability, Brand, Tags, Size","filter_row":"Color","cart_name":"cart","enable_cart_drawer":true,"action_after_adding_to_cart":"drawer","enable_checkbox":false,"cart_product_media_ratio":"1\/1","max_product_name_characters":10000,"inventory_notice":"low","low_inventory":88,"free_shipping_cart_page":true,"free_shipping_cart_drawer":true,"free_shipping_amount":100,"drawer_color_scheme":"background-1","popup_color_scheme":"background-1","overlay_scheme_color":"text","overlay_opacity":10,"overlay_bg_blur":0,"modal_enable_shadow":true,"modal_shadow_opacity":10,"modal_shadow_blur":8,"modal_border":false,"show_lines_popovers":false,"enable_quick_search":true,"quick_search_style":"popover","search_grid_style":"secondary","search_disable_max_width":true,"search_results_desktop_columns":"4","search_results_mobile_columns":"2","product_results_show_price":true,"show_product_card_border":false,"collection_overlay_opacity":30,"show_collection_card_border":false,"collection_card_color_scheme":"background-2","view_all_button_icon":"","popular_searches_menu":"main-menu","popular_searches_menu_title":false,"popular_searches_link_style":"body-font","popular_searches_link_uppercase":false,"search_center_banner_content":false,"search_vertical_content_position":"end","search_banner_media_ratio":"2\/3","search_banner_size":100,"search_banner_overlay_opacity":30,"search_banner_subheading_style":"subheading-font","search_banner_subheading_1":"","search_banner_heading_1":"","search_banner_link_1":"","search_banner_subheading_2":"","search_banner_heading_2":"","search_banner_link_2":"","search_banner_subheading_3":"","search_banner_heading_3":"","search_banner_link_3":"","search_banner_subheading_4":"","search_banner_heading_4":"","search_banner_link_4":"","search_color_scheme":"background-3","search_banner_color_scheme":"background-2","sale_background":"#dd2c2c","preorder_text_color":"#000000","preorder_background":"#ff8622","badge_name_1":"New","badge_background_1":"#000000","currency_code_enabled":false,"share_on_facebook":true,"share_on_x":true,"share_on_pinterest":true,"copy_link":true,"instagram_link":"#","tiktok_link":"#","pinterest_link":"#","youtube_link":"#","trustpilot_link":"#","enable_breadcrumbs":true,"breadcrumbs_text_style":"caption-font","breadcrumbs_dim_path":true,"path_style":"show_collections_page","show_current_item":true,"disable_text_selection":false,"use_sale_color_for_new_price":true,"small_use_sale_color_for_new_price":true,"animation":"simple","overlap":"enable","underline_offset_headings":0.4,"underline_thickness":1,"make_translucent":false,"buttons_opacity":10,"buttons_blur":20,"product_card_style":"1","product_card_bolder_accent":"disable","variant_size_label":"Size","variant_size_page":"","collection_card_enable_shadow":false,"collection_card_shadow_blur":20,"vertical_padding":"12px","sections":{"main-gift-card":{"type":"main-gift-card","settings":{"logo_image_width":100,"color_scheme":"","top_spacing":1,"bottom_spacing":1}}},"color_schemes":{"background-1":{"settings":{"layout_background_color":"#ffffff","layout_background_gradient":"","layout_text_color":"#000000","layout_link_color":"#000000","layout_accent_color":"#6e9400","layout_highlighted_background":"#ffffff","overlay_color":"#ffffff","overlay_gradient":"","button_background_color":"#000000","button_label_color":"#ffffff","button_hover_color":"#4b4b4b","popover_background_color":"#ffffff","popover_text_color":"#000000","shadow_color":"#000000","lines_color":"#d7d7d7","rating_color":"#000000","sale_color":"#971400","error_color":"#ff000e","success_color":"#008669","in_stock_color":"#008669","low_inventory_color":"#b65a00","sold_out_color":"#dd2c2c","pickup_available_text":"#5ba614","pickup_available_icon":"#5ba614","pickup_out_of_stock_text":"#7c7c7c","pickup_out_of_stock_icon":"#7c7c7c"}},"background-2":{"settings":{"layout_background_color":"#000000","layout_background_gradient":"","layout_text_color":"#ffffff","layout_link_color":"#b6b6b6","layout_accent_color":"#c9ff29","layout_highlighted_background":"#000000","overlay_color":"#000000","overlay_gradient":"","button_background_color":"#ffffff","button_label_color":"#000000","button_hover_color":"#e9e9e9","popover_background_color":"#ffffff","popover_text_color":"#000000","shadow_color":"#000000","lines_color":"#434343","rating_color":"#fffb00","sale_color":"#971400","error_color":"#ff000e","success_color":"#088b6f","in_stock_color":"#088b6f","low_inventory_color":"#8d4400","sold_out_color":"#da1e28","pickup_available_text":"#5ba614","pickup_available_icon":"#5ba614","pickup_out_of_stock_text":"#7c7c7c","pickup_out_of_stock_icon":"#7c7c7c"}},"background-3":{"settings":{"layout_background_color":"#f2f2f2","layout_background_gradient":"","layout_text_color":"#000000","layout_link_color":"#dd1d1d","layout_accent_color":"#367147","layout_highlighted_background":"#ffff00","overlay_color":"#000000","overlay_gradient":"","button_background_color":"#000000","button_label_color":"#ffffff","button_hover_color":"#414141","popover_background_color":"#ffffff","popover_text_color":"#000000","shadow_color":"#000000","lines_color":"#d9d9d9","rating_color":"#000000","sale_color":"#971400","error_color":"#ff000e","success_color":"#088b6f","in_stock_color":"#088b6f","low_inventory_color":"#8d4400","sold_out_color":"#da1e28","pickup_available_text":"#5ba614","pickup_available_icon":"#5ba614","pickup_out_of_stock_text":"#7c7c7c","pickup_out_of_stock_icon":"#7c7c7c"}},"background-4":{"settings":{"layout_background_color":"#f1f1f1","layout_background_gradient":"linear-gradient(180deg, rgba(241, 241, 241, 1) 2%, rgba(237, 237, 229, 0) 80%)","layout_text_color":"#000000","layout_link_color":"#dd1d1d","layout_accent_color":"#d92d2d","layout_highlighted_background":"#ffff00","overlay_color":"#ffffff","overlay_gradient":"","button_background_color":"#000000","button_label_color":"#ffffff","button_hover_color":"#414141","popover_background_color":"#ffffff","popover_text_color":"#000000","shadow_color":"#000000","lines_color":"#d7d7d7","rating_color":"#000000","sale_color":"#971400","error_color":"#ff000e","success_color":"#088b6f","in_stock_color":"#088b6f","low_inventory_color":"#8d4400","sold_out_color":"#da1e28","pickup_available_text":"#5ba614","pickup_available_icon":"#5ba614","pickup_out_of_stock_text":"#7c7c7c","pickup_out_of_stock_icon":"#7c7c7c"}},"background-5":{"settings":{"layout_background_color":"#fef665","layout_background_gradient":"","layout_text_color":"#000000","layout_link_color":"#dd1d1d","layout_accent_color":"#d6ff00","layout_highlighted_background":"#ffff00","overlay_color":"#ffe33d","overlay_gradient":"","button_background_color":"#000000","button_label_color":"#ffffff","button_hover_color":"#414141","popover_background_color":"#ffffff","popover_text_color":"#000000","shadow_color":"#000000","lines_color":"#d7d7d7","rating_color":"#000000","sale_color":"#971400","error_color":"#ff000e","success_color":"#088b6f","in_stock_color":"#088b6f","low_inventory_color":"#8d4400","sold_out_color":"#da1e28","pickup_available_text":"#5ba614","pickup_available_icon":"#5ba614","pickup_out_of_stock_text":"#7c7c7c","pickup_out_of_stock_icon":"#7c7c7c"}},"background-6":{"settings":{"layout_background_color":"rgba(0,0,0,0)","layout_background_gradient":"linear-gradient(0deg, rgba(0, 0, 0, 0) 96%, rgba(0, 0, 0, 0.5) 100%)","layout_text_color":"#ffffff","layout_link_color":"#000000","layout_accent_color":"#dd2c2c","layout_highlighted_background":"#ffffff","overlay_color":"#ffffff","overlay_gradient":"","button_background_color":"#000000","button_label_color":"#ffffff","button_hover_color":"#4b4b4b","popover_background_color":"#ffffff","popover_text_color":"#000000","shadow_color":"#000000","lines_color":"#d7d7d7","rating_color":"#000000","sale_color":"#971400","error_color":"#ff000e","success_color":"#008669","in_stock_color":"#008669","low_inventory_color":"#b65a00","sold_out_color":"#dd2c2c","pickup_available_text":"#5ba614","pickup_available_icon":"#5ba614","pickup_out_of_stock_text":"#7c7c7c","pickup_out_of_stock_icon":"#7c7c7c"}},"background-7":{"settings":{"layout_background_color":"#ffffff","layout_background_gradient":"","layout_text_color":"#000000","layout_link_color":"#000000","layout_accent_color":"#6e9400","layout_highlighted_background":"#ffffff","overlay_color":"#ffffff","overlay_gradient":"","button_background_color":"#000000","button_label_color":"#ffffff","button_hover_color":"#4b4b4b","popover_background_color":"#ffffff","popover_text_color":"#000000","shadow_color":"#000000","lines_color":"#d7d7d7","rating_color":"#000000","sale_color":"#971400","error_color":"#ff000e","success_color":"#008669","in_stock_color":"#008669","low_inventory_color":"#b65a00","sold_out_color":"#dd2c2c","pickup_available_text":"#5ba614","pickup_available_icon":"#5ba614","pickup_out_of_stock_text":"#7c7c7c","pickup_out_of_stock_icon":"#7c7c7c"}},"background-8":{"settings":{"layout_background_color":"#ffffff","layout_background_gradient":"","layout_text_color":"#000000","layout_link_color":"#000000","layout_accent_color":"#6e9400","layout_highlighted_background":"#ffffff","overlay_color":"#ffffff","overlay_gradient":"","button_background_color":"#000000","button_label_color":"#ffffff","button_hover_color":"#4b4b4b","popover_background_color":"#ffffff","popover_text_color":"#000000","shadow_color":"#000000","lines_color":"#d7d7d7","rating_color":"#000000","sale_color":"#971400","error_color":"#ff000e","success_color":"#008669","in_stock_color":"#008669","low_inventory_color":"#b65a00","sold_out_color":"#dd2c2c","pickup_available_text":"#5ba614","pickup_available_icon":"#5ba614","pickup_out_of_stock_text":"#7c7c7c","pickup_out_of_stock_icon":"#7c7c7c"}},"background-9":{"settings":{"layout_background_color":"#ffffff","layout_background_gradient":"","layout_text_color":"#000000","layout_link_color":"#000000","layout_accent_color":"#6e9400","layout_highlighted_background":"#ffffff","overlay_color":"#ffffff","overlay_gradient":"","button_background_color":"#000000","button_label_color":"#ffffff","button_hover_color":"#4b4b4b","popover_background_color":"#ffffff","popover_text_color":"#000000","shadow_color":"#000000","lines_color":"#d7d7d7","rating_color":"#000000","sale_color":"#971400","error_color":"#ff000e","success_color":"#008669","in_stock_color":"#008669","low_inventory_color":"#b65a00","sold_out_color":"#dd2c2c","pickup_available_text":"#5ba614","pickup_available_icon":"#5ba614","pickup_out_of_stock_text":"#7c7c7c","pickup_out_of_stock_icon":"#7c7c7c"}},"background-10":{"settings":{"layout_background_color":"#ffffff","layout_background_gradient":"","layout_text_color":"#000000","layout_link_color":"#000000","layout_accent_color":"#6e9400","layout_highlighted_background":"#ffffff","overlay_color":"#ffffff","overlay_gradient":"","button_background_color":"#000000","button_label_color":"#ffffff","button_hover_color":"#4b4b4b","popover_background_color":"#ffffff","popover_text_color":"#000000","shadow_color":"#000000","lines_color":"#d7d7d7","rating_color":"#000000","sale_color":"#971400","error_color":"#ff000e","success_color":"#008669","in_stock_color":"#008669","low_inventory_color":"#b65a00","sold_out_color":"#dd2c2c","pickup_available_text":"#5ba614","pickup_available_icon":"#5ba614","pickup_out_of_stock_text":"#7c7c7c","pickup_out_of_stock_icon":"#7c7c7c"}}}}}}