{"type":"footer","name":"Footer","sections":{"social_grid_WqREmt":{"type":"social-grid","blocks":{"image_DhJrTJ":{"type":"image","settings":{"image":"shopify:\/\/shop_images\/WhatsApp_Image_2025-09-26_at_2.41.24_AM_2.jpg","link":"","target_blank":false}},"image_rAiTWa":{"type":"image","settings":{"image":"shopify:\/\/shop_images\/WhatsApp_Image_2025-09-26_at_2.41.24_AM_1.jpg","link":"","target_blank":false}},"loop_video_eHMtDh":{"type":"loop_video","settings":{"video_load":"shopify:\/\/files\/videos\/WhatsApp Video 2025-09-26 at 2.37.55 AM.mp4","link":"","target_blank":false}},"image_qTLdWA":{"type":"image","settings":{"image":"shopify:\/\/shop_images\/WhatsApp_Image_2025-09-26_at_2.41.24_AM.jpg","link":"","target_blank":false}}},"block_order":["image_DhJrTJ","image_rAiTWa","loop_video_eHMtDh","image_qTLdWA"],"custom_css":["@media (max-width: 768px) {.show-more-button {display: none; }}"],"settings":{"overlap":"disable","desktop_height_type":"pixels","desktop_pixels_height":600,"overlay_opacity":50,"mobile_overlay_opacity":50,"heading":"<p>@nayadour<\/p>","heading_style":"page-title","center_text":true,"vertical_content_position":"center","media_ratio":"4\/5","button_label":"Follow us","button_icon":"","swap_button_icon":false,"button_link":"","button_target_blank":false,"button_style":"solid","grid_type":"grid","desktop_columns":"4","mobile_columns":"2","on_mobile_show":4,"show_more_button_label":"Show more","show_more_button_icon":"","swap_show_more_button_icon":false,"show_more_button_style":"outlined","desktop_item_width":4,"mobile_item_min_width":250,"show_arrows":true,"show_scrollbar":true,"mobile_height_type":"pixels","mobile_pixels_height":200,"content_under_image":false,"only_first_image":false,"grid_style":"secondary","disable_max_width":false,"disable_grid_gaps":true,"show_bottom_line":false,"color_scheme":"background-1","banner_color_scheme":"background-2","overlapped_header_color_scheme":"","logo_style":"overlapped","mobile_color_scheme":"","mobile_banner_color_scheme":"background-2","mobile_overlapped_header_color_scheme":"","mobile_logo_style":"overlapped","enable_sticky_content":false,"sticky_offset":120,"top_spacing":0,"bottom_spacing":0}},"advantages_EnUYzd":{"type":"advantages","blocks":{"text_gejaTN":{"type":"text","settings":{"desktop_text":"<p>Free Shipping<\/p>","mobile_text":"<p>Free Shipping<\/p>","icon":"glyphs\/signs\/transit","color":"#000000","mobile_color":"#000000"}},"text_FbkDTV":{"type":"text","settings":{"desktop_text":"<p>24\/7 Premium Support<\/p>","mobile_text":"<p>24\/7 Premium Support<\/p>","icon":"glyphs\/signs\/technical-support","color":"#000000","mobile_color":"#000000"}},"text_Rwz6Er":{"type":"text","settings":{"desktop_text":"<p>Secure Checkout<\/p>","mobile_text":"<p>Secure Checkout<\/p>","icon":"glyphs\/signs\/protect","color":"#000000","mobile_color":"#000000"}}},"block_order":["text_gejaTN","text_FbkDTV","text_Rwz6Er"],"disabled":true,"settings":{"advantages":"show","text_style":"subheading-font","show_bottom_line":true,"center_text":true,"full_width":true,"media_ratio":"auto","image_width":24,"image_radius":"default","color_scheme":"background-4","spacing":24}},"footer":{"type":"Footer","blocks":{"context_image_P68iWD":{"type":"context_image","settings":{"context_image":"shopify:\/\/shop_images\/ND-LOGO-text-black-01.png","context_image_width":208,"context_media_ratio":"auto","context_image_radius":"default","context_image_link":"","context_target_blank":false,"horizontal_alignment":"flex-start","vertical_alignment":"flex-start","desktop_padding":0}},"menu_4LjrMb":{"type":"menu","settings":{"heading":"Heading","menu":"footer","menu_orientation":"column","link_style":"body-font","uppercase":false,"bolder_font":false,"desktop_width":100,"center_text":false,"horizontal_alignment":"flex-start","vertical_alignment":"flex-start","desktop_padding":0}},"menu_UraJTY":{"type":"menu","settings":{"heading":"Heading","menu":"footer","menu_orientation":"column","link_style":"body-font","uppercase":false,"bolder_font":false,"desktop_width":100,"center_text":false,"horizontal_alignment":"flex-start","vertical_alignment":"flex-start","desktop_padding":0}},"menu_jaxPJy":{"type":"menu","settings":{"heading":"Heading","menu":"footer","menu_orientation":"column","link_style":"body-font","uppercase":false,"bolder_font":false,"desktop_width":100,"center_text":false,"horizontal_alignment":"flex-start","vertical_alignment":"flex-start","desktop_padding":0}},"social_media_PnfJHp":{"type":"social_media","disabled":true,"settings":{"subheading":"","follow_on_shop":true,"center_text":false,"horizontal_alignment":"flex-start","vertical_alignment":"flex-start","desktop_padding":0}},"localization_HVYYdf":{"type":"localization","disabled":true,"settings":{"enable_language":true,"short_language":true,"enable_country":true,"short_country":true,"show_localization_outline":true,"show_localization_chevron":true,"show_localization_flag":true,"localization_radius":"40px","horizontal_alignment":"flex-start","vertical_alignment":"flex-end","desktop_padding":0}},"text_hgRfAz":{"type":"text","disabled":true,"settings":{"heading":"","text":"<p>This is where you can share your brand story and vision with your customers. You can change the text in the theme editor.<\/p>","text_style":"body-font","desktop_width":100,"center_text":false,"horizontal_alignment":"flex-start","vertical_alignment":"flex-end","desktop_padding":0}},"payment_methods_7P7gK9":{"type":"payment_methods","settings":{"heading":"","center_text":false,"horizontal_alignment":"flex-start","vertical_alignment":"flex-end","desktop_padding":0}},"newsletter_n8kNEn":{"type":"newsletter","settings":{"label":"","text":"<p>Subscribe and enjoy 10% off<\/p>","text_style":"subheading-font","placeholder":"Email","caption":"","enable_checkbox":true,"make_required":true,"checkbox_label":"<p>I have read and agreed to the <a href=\"\/policies\/privacy-policy\">Terms and Conditions<\/a>.<\/p>","checkbox_text_style":"caption-font","center_text":false,"horizontal_alignment":"flex-start","vertical_alignment":"flex-start","desktop_padding":0}}},"block_order":["context_image_P68iWD","menu_4LjrMb","menu_UraJTY","menu_jaxPJy","social_media_PnfJHp","localization_HVYYdf","text_hgRfAz","payment_methods_7P7gK9","newsletter_n8kNEn"],"settings":{"grid_columns":"4","two_columns_mobile":true,"grid_style":"alternative","disable_max_width":true,"block_headings_style":"subheading-font","show_top_line":false,"show_bottom_line":true,"color_scheme":"background-1","top_spacing":0.5,"bottom_spacing":0.5}},"legal":{"type":"Legal","disabled":true,"settings":{"style":"stretched","text_style":"body-font","enable_back_to_top":true,"show_label_on_desktop":true,"grid_style":"page","disable_max_width":false,"show_bottom_line":false,"color_scheme":"background-1","top_spacing":0.4,"bottom_spacing":0.4}}},"order":["social_grid_WqREmt","advantages_EnUYzd","footer","legal"]}