{"type":"header","name":"Header","sections":{"announcement_bar_zGzxYa":{"type":"announcement-bar","blocks":{"text_RBrUqx":{"type":"text","settings":{"desktop_text":"<p>Announce something<\/p>","mobile_text":"<p>Announce<\/p>","icon":"glyphs\/signs\/worldwide-delivery","color":"#000000","mobile_color":"#000000","color_scheme":"background-5"}},"text_BpgdJE":{"type":"text","settings":{"desktop_text":"<p>Announce something<\/p>","mobile_text":"<p>Announce<\/p>","icon":"glyphs\/signs\/last-24-hours","color":"#ffffff","mobile_color":"#ffffff","color_scheme":"background-2"}}},"block_order":["text_RBrUqx","text_BpgdJE"],"disabled":true,"settings":{"announcement_bar":"show","menu":"main-menu","dropdown_icon":"disable","dropdown_event_type":"hover","highlight_menu_item":"","text_style":"body-font","uppercase":false,"bolder_font":false,"show_bottom_line":false,"center_text":true,"enable_autoplay":false,"autoplay_speed":10,"media_ratio":"auto","image_width":20,"image_radius":"default","enable_store_selector":false,"store_selector_icon":"glyphs\/signs\/shop","show_social_icons":true,"enable_language":true,"short_language":true,"enable_country":true,"short_country":true,"show_localization_outline":false,"show_localization_chevron":true,"show_localization_flag":true,"localization_radius":"40px","grid_style":"page","disable_max_width":false,"color_scheme":"background-5","spacing":4}},"header":{"type":"header","blocks":{"logo_UXh8R3":{"type":"logo","settings":{"logo_type":"image","image_logo":"shopify:\/\/shop_images\/ND-LOGO-text-black-01.png","overlapping_logo":"shopify:\/\/shop_images\/ND-LOGO-text-white-01.png","desktop_logo_width":150,"mobile_logo_width":120,"text_logo":"","logo_font":"prompt_n5","desktop_logo_font_size":20,"mobile_logo_font_size":12}}},"block_order":["logo_UXh8R3"],"custom_css":[],"settings":{"header_layout":"logo_center_menu_left","sticky_header":"always","menu":"top-level-category","parent_menu":true,"dropdown_icon":"disable","dropdown_event_type":"hover","link_style":"caption-font","uppercase":true,"bolder_font":true,"highlight_menu_item":"End Of Season Sale","bottom_menu":"","bottom_dropdown_icon":"disable","bottom_dropdown_event_type":"hover","bottom_link_style":"body-font","bottom_uppercase":false,"bottom_bolder_font":false,"bottom_menu_alignment":"center","bottom_show_line":false,"show_burger":false,"burger_style":"icon","burger_position":"left","enable_store_selector":false,"store_selector_icon":"glyphs\/signs\/shop","show_search":true,"search_style":"field","fill_search_background":false,"search_make_translucent":true,"show_search_outline":true,"search_field_radius":"40px","show_account":true,"account_style":"icon","cart_style":"icon","enable_language":false,"short_language":false,"enable_country":false,"short_country":false,"show_localization_outline":false,"show_localization_chevron":false,"show_localization_flag":true,"localization_radius":"0px","elements_text_style":"body-font","elements_uppercase":false,"elements_bolder_font":false,"mobile_header_layout":"logo_center_burger_left","enable_search_field":false,"grid_style":"page","disable_max_width":false,"color_scheme":"background-1","bottom_color_scheme":"background-1","hide_header_bg":false,"show_header_bg_on_hover":true,"show_bottom_line":false,"desktop_top_and_bottom_spacing":14,"mobile_top_and_bottom_spacing":8,"middle_spacing":4,"mobile_middle_spacing":2}}},"order":["announcement_bar_zGzxYa","header"]}