{
  "type": "header",
  "name": "Header",
  "sections": {
    "main-password-header": {
      "type": "main-password-header",
      "settings": {
        "logo_type": "image",
        "desktop_logo_width": 100,
        "mobile_logo_width": 80,
        "text_logo": "",
        "logo_font": "ibm_plex_sans_n5",
        "desktop_logo_font_size": 20,
        "mobile_logo_font_size": 12,
        "grid_style": "page",
        "disable_max_width": false,
        "color_scheme": "background-1"
      }
    }
  },
  "order": [
    "main-password-header"
  ]
}
