{"type":"custom.overlay","name":"Overlay","sections":{"cart_drawer_bxxHND":{"type":"cart-drawer","settings":{"show_order_weight":false,"show_taxes":true,"show_before_discounts":true,"show_saved":false,"show_cart_button":true,"show_checkout_button":true,"show_price_in_button":true,"use_main_button":true,"headings_style":"secondary-heading","cart_total_style":"secondary-heading","enable_order_note":true,"show_collapsible":true,"order_heading":"Order note","order_heading_style":"subheading-font","order_label":"Add a note to your order","order_placeholder":"Write your comment for seller here","enable_shipping":true,"shipping_heading":"Estimate shipping","shipping_heading_style":"subheading-font","shipping_country":"United States","enable_cart_recommendations":true,"cart_recommendations_content":"both","heading":"You may also like","recently_viewed_heading":"Recently viewed","recommendations_heading_style":"secondary-heading","cart_recommendations_desktop_style":"side-panel","grid_style":"secondary","color_scheme":"","product_card_color_scheme":"background-1","show_product_card_border":false,"item_width":180,"show_arrows":true,"show_scrollbar":true,"hover_behavior":"image_zoom","show_bullets":true,"desktop_options":"disable","mobile_options":"disable","quick_buy":"enable","price_position":"bottom","show_vendor":"image","show_title":true,"max_product_name_characters":100,"show_rating":true,"show_short_description":false,"show_pickup_availability":false,"enable_offer":true,"offer_position":"above_items","icon":"","color":"#000000","mobile_color":"#000000","icon_width":24,"offer_heading":"Limited Time Offer","offer_heading_style":"secondary-heading","offer_text":"<p>Today only! Use code '<strong>XX'<\/strong> at checkout to save <strong>XX%<\/strong> on your entire purchase. Don’t miss out!<\/p>","offer_text_style":"body-font","background_color":"#fffb00","text_color":"rgba(0,0,0,0)"}},"menu-drawer":{"type":"menu-drawer","blocks":{"line_jTdYVn":{"type":"line","settings":{"top_spacing":0.5,"bottom_spacing":0}},"secondary_menu_7BzrTd":{"type":"secondary_menu","settings":{"show_menu_title":false,"menu_title_1":"Discover","menu_1":"main-menu","menu_title_2":"Discover","menu_2":"main-menu","link_style":"body-font","uppercase":false,"bolder_font":false,"highlight_menu_item":"","show_bottom_line":false,"top_spacing":1,"mobile_top_spacing":1}},"localization_JaMdgt":{"type":"localization","settings":{"enable_language":true,"short_language":false,"enable_country":true,"short_country":false,"show_localization_outline":false,"show_localization_chevron":true,"show_localization_flag":true,"localization_radius":"40px","show_bottom_line":false,"top_spacing":2,"mobile_top_spacing":1}},"empty_space_T3rxzx":{"type":"empty_space","settings":{"desktop_height":0.5,"mobile_height":0.5}},"line_Vm6fck":{"type":"line","settings":{"top_spacing":0,"bottom_spacing":0}},"account_XprC9C":{"type":"account","settings":{"show_icon":true,"text_style":"subheading-font","show_bottom_line":true,"top_spacing":0.5,"mobile_top_spacing":0.5}},"empty_space_hqTqdL":{"type":"empty_space","settings":{"desktop_height":1,"mobile_height":1}},"context_image_thzY9M":{"type":"context_image","settings":{"context_image_width":96,"context_media_ratio":"auto","context_image_radius":"default","context_image_link":"","context_target_blank":false,"show_bottom_line":false,"top_spacing":1,"mobile_top_spacing":1}},"text_YiwTif":{"type":"text","settings":{"subheading":"","heading":"","text":"<p>Shopping space with a selection of 120+ top brands. We discover both essential and unique designer pieces. Learn more<\/p>","subheading_style":"secondary-heading","heading_style":"secondary-heading","text_style":"body-font","show_bottom_line":false,"top_spacing":1,"mobile_top_spacing":1}},"social_media_R8xqWn":{"type":"social_media","settings":{"subheading":"","follow_on_shop":true,"show_bottom_line":false,"top_spacing":1,"mobile_top_spacing":1}},"empty_space_e74b7f":{"type":"empty_space","settings":{"desktop_height":4,"mobile_height":4}}},"block_order":["line_jTdYVn","secondary_menu_7BzrTd","localization_JaMdgt","empty_space_T3rxzx","line_Vm6fck","account_XprC9C","empty_space_hqTqdL","context_image_thzY9M","text_YiwTif","social_media_R8xqWn","empty_space_e74b7f"],"custom_css":[],"settings":{"menu_drawer_position":"right","heading":"Menu","menu":"main-menu","parent_menu":false,"parent_link_style":"caption-font","parent_uppercase":true,"parent_bolder_font":true,"link_style":"secondary-heading","uppercase":false,"bolder_font":false,"show_lines_menu":false,"title_style":"section-heading","show_collection_image":false,"media_ratio":"1\/1","focal_point":"center center","image_radius":"default","highlight_menu_item":"","block_headings_style":"subheading-font","pinned_block":"localization","show_collection_banner":false,"banner_media_ratio":"1\/1","banner_focal_point":"center center","overlay_opacity":15,"banner_color_scheme":"background-2"}}},"order":["cart_drawer_bxxHND","menu-drawer"]}